,all_scores,all_mean_scores,e_solved
0,0.0,0.0,1385
1,0.0,0.0,1385
2,0.10000000149011612,0.033333333830038704,1385
3,0.0,0.02500000037252903,1385
4,0.0,0.020000000298023225,1385
5,0.0,0.016666666915019352,1385
6,0.0,0.014285714498588018,1385
7,0.0,0.012500000186264515,1385
8,0.0,0.011111111276679568,1385
9,0.0,0.010000000149011612,1385
10,0.0,0.009090909226374193,1385
11,0.0,0.008333333457509676,1385
12,0.10000000149011612,0.015384615613864018,1385
13,0.0,0.014285714498588018,1385
14,0.10000000149011612,0.020000000298023225,1385
15,0.0,0.018750000279396772,1385
16,0.0,0.01764705908649108,1385
17,0.0,0.016666666915019352,1385
18,0.09000000171363354,0.020526316114946416,1385
19,0.10000000149011612,0.024500000383704902,1385
20,0.10000000149011612,0.028095238531629246,1385
21,0.0,0.026818182234737007,1385
22,0.0,0.02565217431148757,1385
23,0.0,0.024583333715175588,1385
24,0.0,0.023600000366568567,1385
25,0.0,0.022692308044777468,1385
26,0.09000000171363354,0.025185185588068433,1385
27,0.0,0.024285714674208845,1385
28,0.20000000298023224,0.03034482806407172,1385
29,0.0,0.02933333379526933,1385
30,0.0,0.028387097221228383,1385
31,0.09000000171363354,0.030312500486616045,1385
32,0.0,0.029393939865809498,1385
33,0.0,0.028529412222697455,1385
34,0.0,0.027714286159191814,1385
35,0.0,0.02694444487699204,1385
36,0.0,0.026216216637073336,1385
37,0.09000000171363354,0.027894737296982816,1385
38,0.0,0.027179487622701205,1385
39,0.0,0.026500000432133675,1385
40,0.0,0.025853658958179194,1385
41,0.0,0.02523809564965112,1385
42,0.0,0.024651163192682488,1385
43,0.0,0.024090909483757885,1385
44,0.0,0.02355555593967438,1385
45,0.0,0.023043478636637978,1385
46,0.0,0.022553191857135044,1385
47,0.0,0.02208333369344473,1385
48,0.0,0.021632653413986673,1385
49,0.0,0.02120000034570694,1385
50,0.0,0.02078431406441857,1385
51,0.0,0.020384615717025902,1385
52,0.0,0.020000000326138623,1385
53,0.0,0.01962962994972865,1385
54,0.0,0.019272727587006308,1385
55,0.10000000149011612,0.020714286049561843,1385
56,0.0,0.020350877522376545,1385
57,0.0,0.02000000032371488,1385
58,0.0,0.01966101726738073,1385
59,0.10000000149011612,0.021000000337759655,1385
60,0.0,0.020655738037140645,1385
61,0.0,0.02032258097202547,1385
62,0.09000000171363354,0.021428571777447822,1385
63,0.0,0.0210937503434252,1385
64,0.0,0.020769231107372502,1385
65,0.0,0.02045454578756383,1385
66,0.0,0.020149254059391237,1385
67,0.09000000357627869,0.021176470964051345,1385
68,0.0,0.020869565587760746,1385
69,0.0,0.02057142893650702,1385
70,0.0,0.02028169050078157,1385
71,0.10000000149011612,0.02138888926452233,1385
72,0.0,0.021095890781446677,1385
73,0.0,0.020810811176291993,1385
74,0.10000000149011612,0.021866667047142983,1385
75,0.0,0.021578947743891103,1385
76,0.0,0.021298701669295112,1385
77,0.0,0.02102564139148364,1385
78,0.0,0.02075949403209777,1385
79,0.0,0.020500000356696545,1385
80,0.0,0.020246913932539797,1385
81,0.0,0.020000000347996632,1385
82,0.0,0.019759036488382214,1385
83,0.0,0.01952380986352052,1385
84,0.0,0.01929411798277322,1385
85,0.0,0.019069767773671205,1385
86,0.10000000149011612,0.020000000345124596,1385
87,0.0,0.019772727613929997,1385
88,0.0,0.019550562135121796,1385
89,0.0,0.019333333666953775,1385
90,0.0,0.019120879450833406,1385
91,0.0,0.018913043804628694,1385
92,0.09000000171363354,0.01967741969612337,1385
93,0.10000000149011612,0.020531915247123292,1385
94,0.0,0.020315789823469363,1385
95,0.0,0.020104167012808222,1385
96,0.0,0.019896907559067933,1385
97,0.0,0.01969387789009785,1385
98,0.0,0.019494949830601915,1385
99,0.10000000149011612,0.020300000347197054,1385
100,0.0,0.020300000347197054,1385
101,0.0,0.020300000347197054,1385
102,0.09000000171363354,0.02020000034943223,1385
103,0.09000000171363354,0.021100000366568564,1385
104,0.10000000149011612,0.022100000381469725,1385
105,0.09000000171363354,0.02300000039860606,1385
106,0.0,0.02300000039860606,1385
107,0.0,0.02300000039860606,1385
108,0.0,0.02300000039860606,1385
109,0.0,0.02300000039860606,1385
110,0.0,0.02300000039860606,1385
111,0.10000000149011612,0.024000000413507222,1385
112,0.0,0.02300000039860606,1385
113,0.0,0.02300000039860606,1385
114,0.0,0.0220000003837049,1385
115,0.10000000149011612,0.02300000039860606,1385
116,0.0,0.02300000039860606,1385
117,0.0,0.02300000039860606,1385
118,0.0,0.022100000381469725,1385
119,0.0,0.021100000366568564,1385
120,0.0,0.020100000351667403,1385
121,0.09000000171363354,0.02100000036880374,1385
122,0.0,0.02100000036880374,1385
123,0.0,0.02100000036880374,1385
124,0.0,0.02100000036880374,1385
125,0.0,0.02100000036880374,1385
126,0.10000000149011612,0.021100000366568564,1385
127,0.0,0.021100000366568564,1385
128,0.0,0.019100000336766242,1385
129,0.0,0.019100000336766242,1385
130,0.0,0.019100000336766242,1385
131,0.0,0.018200000319629907,1385
132,0.10000000149011612,0.019200000334531068,1385
133,0.0,0.019200000334531068,1385
134,0.0,0.019200000334531068,1385
135,0.0,0.019200000334531068,1385
136,0.0,0.019200000334531068,1385
137,0.0,0.018300000317394732,1385
138,0.0,0.018300000317394732,1385
139,0.0,0.018300000317394732,1385
140,0.0,0.018300000317394732,1385
141,0.0,0.018300000317394732,1385
142,0.0,0.018300000317394732,1385
143,0.0,0.018300000317394732,1385
144,0.09000000171363354,0.019200000334531068,1385
145,0.0,0.019200000334531068,1385
146,0.0,0.019200000334531068,1385
147,0.0,0.019200000334531068,1385
148,0.0,0.019200000334531068,1385
149,0.0,0.019200000334531068,1385
150,0.0,0.019200000334531068,1385
151,0.10000000149011612,0.02020000034943223,1385
152,0.0,0.02020000034943223,1385
153,0.0,0.02020000034943223,1385
154,0.0,0.02020000034943223,1385
155,0.0,0.019200000334531068,1385
156,0.0,0.019200000334531068,1385
157,0.0,0.019200000334531068,1385
158,0.0,0.019200000334531068,1385
159,0.09000000171363354,0.019100000336766242,1385
160,0.10000000149011612,0.020100000351667403,1385
161,0.0,0.020100000351667403,1385
162,0.0,0.019200000334531068,1385
163,0.09000000171363354,0.020100000351667403,1385
164,0.0,0.020100000351667403,1385
165,0.09000000171363354,0.02100000036880374,1385
166,0.0,0.02100000036880374,1385
167,0.0,0.020100000333040952,1385
168,0.0,0.020100000333040952,1385
169,0.0,0.020100000333040952,1385
170,0.0,0.020100000333040952,1385
171,0.09000000171363354,0.020000000335276127,1385
172,0.0,0.020000000335276127,1385
173,0.10000000149011612,0.021000000350177288,1385
174,0.0,0.020000000335276127,1385
175,0.0,0.020000000335276127,1385
176,0.0,0.020000000335276127,1385
177,0.0,0.020000000335276127,1385
178,0.0,0.020000000335276127,1385
179,0.0,0.020000000335276127,1385
180,0.0,0.020000000335276127,1385
181,0.0,0.020000000335276127,1385
182,0.0,0.020000000335276127,1385
183,0.0,0.020000000335276127,1385
184,0.0,0.020000000335276127,1385
185,0.0,0.020000000335276127,1385
186,0.10000000149011612,0.020000000335276127,1385
187,0.0,0.020000000335276127,1385
188,0.0,0.020000000335276127,1385
189,0.0,0.020000000335276127,1385
190,0.0,0.020000000335276127,1385
191,0.10000000149011612,0.021000000350177288,1385
192,0.0,0.020100000333040952,1385
193,0.0,0.01910000031813979,1385
194,0.0,0.01910000031813979,1385
195,0.10000000149011612,0.020100000333040952,1385
196,0.0,0.020100000333040952,1385
197,0.0,0.020100000333040952,1385
198,0.0,0.020100000333040952,1385
199,0.0,0.01910000031813979,1385
200,0.0,0.01910000031813979,1385
201,0.0,0.01910000031813979,1385
202,0.10000000149011612,0.019200000315904617,1385
203,0.0,0.01830000029876828,1385
204,0.0,0.01730000028386712,1385
205,0.0,0.016400000266730785,1385
206,0.0,0.016400000266730785,1385
207,0.0,0.016400000266730785,1385
208,0.0,0.016400000266730785,1385
209,0.0,0.016400000266730785,1385
210,0.0,0.016400000266730785,1385
211,0.0,0.015400000251829624,1385
212,0.0,0.015400000251829624,1385
213,0.10000000149011612,0.016400000266730785,1385
214,0.10000000149011612,0.017400000281631946,1385
215,0.0,0.016400000266730785,1385
216,0.0,0.016400000266730785,1385
217,0.09000000171363354,0.01730000028386712,1385
218,0.10000000149011612,0.01830000029876828,1385
219,0.0,0.01830000029876828,1385
220,0.09000000171363354,0.019200000315904617,1385
221,0.0,0.01830000029876828,1385
222,0.0,0.01830000029876828,1385
223,0.09000000171363354,0.019200000315904617,1385
224,0.10000000149011612,0.020200000330805778,1385
225,0.0,0.020200000330805778,1385
226,0.0,0.019200000315904617,1385
227,0.10000000149011612,0.020200000330805778,1385
228,0.0,0.020200000330805778,1385
229,0.0,0.020200000330805778,1385
230,0.10000000149011612,0.02120000034570694,1385
231,0.0,0.02120000034570694,1385
232,0.0,0.020200000330805778,1385
233,0.0,0.020200000330805778,1385
234,0.0,0.020200000330805778,1385
235,0.10000000149011612,0.02120000034570694,1385
236,0.0,0.02120000034570694,1385
237,0.0,0.02120000034570694,1385
238,0.0,0.02120000034570694,1385
239,0.0,0.02120000034570694,1385
240,0.0,0.02120000034570694,1385
241,0.0,0.02120000034570694,1385
242,0.0,0.02120000034570694,1385
243,0.0,0.02120000034570694,1385
244,0.0,0.020300000328570603,1385
245,0.0,0.020300000328570603,1385
246,0.0,0.020300000328570603,1385
247,0.0,0.020300000328570603,1385
248,0.0,0.020300000328570603,1385
249,0.10000000149011612,0.021300000343471764,1385
250,0.0,0.021300000343471764,1385
251,0.09000000171363354,0.02120000034570694,1385
252,0.0,0.02120000034570694,1385
253,0.0,0.02120000034570694,1385
254,0.0,0.02120000034570694,1385
255,0.10000000149011612,0.0222000003606081,1385
256,0.0,0.0222000003606081,1385
257,0.0,0.0222000003606081,1385
258,0.10000000149011612,0.02320000037550926,1385
259,0.0,0.022300000358372925,1385
260,0.10000000149011612,0.022300000358372925,1385
261,0.0,0.022300000358372925,1385
262,0.0,0.022300000358372925,1385
263,0.0,0.02140000034123659,1385
264,0.0,0.02140000034123659,1385
265,0.0,0.020500000324100254,1385
266,0.09000000171363354,0.02140000034123659,1385
267,0.0,0.02140000034123659,1385
268,0.10000000149011612,0.02240000035613775,1385
269,0.19000000320374966,0.024300000388175248,1385
270,0.0,0.024300000388175248,1385
271,0.10000000149011612,0.024400000385940077,1385
272,0.0,0.024400000385940077,1385
273,0.0,0.023400000371038912,1385
274,0.0,0.023400000371038912,1385
275,0.0,0.023400000371038912,1385
276,0.0,0.023400000371038912,1385
277,0.0,0.023400000371038912,1385
278,0.0,0.023400000371038912,1385
279,0.0,0.023400000371038912,1385
280,0.0,0.023400000371038912,1385
281,0.10000000149011612,0.024400000385940077,1385
282,0.0,0.024400000385940077,1385
283,0.0,0.024400000385940077,1385
284,0.0,0.024400000385940077,1385
285,0.0,0.024400000385940077,1385
286,0.0,0.023400000371038912,1385
287,0.0,0.023400000371038912,1385
288,0.0,0.023400000371038912,1385
289,0.0,0.023400000371038912,1385
290,0.0,0.023400000371038912,1385
291,0.0,0.02240000035613775,1385
292,0.0,0.02240000035613775,1385
293,0.0,0.02240000035613775,1385
294,0.0,0.02240000035613775,1385
295,0.0,0.02140000034123659,1385
296,0.0,0.02140000034123659,1385
297,0.0,0.02140000034123659,1385
298,0.0,0.02140000034123659,1385
299,0.0,0.02140000034123659,1385
300,0.09000000171363354,0.022300000358372925,1385
301,0.09000000171363354,0.02320000037550926,1385
302,0.0,0.0222000003606081,1385
303,0.0,0.0222000003606081,1385
304,0.09000000171363354,0.023100000377744435,1385
305,0.09000000171363354,0.02400000039488077,1385
306,0.10000000149011612,0.025000000409781932,1385
307,0.0,0.025000000409781932,1385
308,0.0,0.025000000409781932,1385
309,0.0,0.025000000409781932,1385
310,0.09000000171363354,0.025900000426918268,1385
311,0.10000000149011612,0.02690000044181943,1385
312,0.09000000171363354,0.027800000458955764,1385
313,0.09000000171363354,0.02770000046119094,1385
314,0.10000000149011612,0.02770000046119094,1385
315,0.09000000171363354,0.028600000478327274,1385
316,0.09000000171363354,0.02950000049546361,1385
317,0.0,0.028600000478327274,1385
318,0.0,0.027600000463426113,1385
319,0.0,0.027600000463426113,1385
320,0.09000000171363354,0.027600000463426113,1385
321,0.10000000149011612,0.028600000478327274,1385
322,0.10000000149011612,0.029600000493228435,1385
323,0.10000000149011612,0.02970000049099326,1385
324,0.0,0.0287000004760921,1385
325,0.09000000171363354,0.029600000493228435,1385
326,0.10000000149011612,0.030600000508129596,1385
327,0.10000000149011612,0.030600000508129596,1385
328,0.10000000149011612,0.03160000052303076,1385
329,0.09000000171363354,0.03250000054016709,1385
330,0.10000000149011612,0.03250000054016709,1385
331,0.09000000171363354,0.03340000055730343,1385
332,0.20000000298023224,0.035400000587105754,1385
333,0.10000000149011612,0.03640000060200691,1385
334,0.10000000149011612,0.037400000616908076,1385
335,0.10000000149011612,0.037400000616908076,1385
336,0.10000000149011612,0.038400000631809234,1385
337,0.09000000171363354,0.03930000064894557,1385
338,0.09000000171363354,0.040200000666081905,1385
339,0.09000000171363354,0.041100000683218244,1385
340,0.09000000171363354,0.042000000700354576,1385
341,0.10000000149011612,0.04300000071525574,1385
342,0.10000000149011612,0.0440000007301569,1385
343,0.10000000149011612,0.04500000074505806,1385
344,0.09000000171363354,0.045900000762194394,1385
345,0.09000000171363354,0.04680000077933073,1385
346,0.09000000171363354,0.047700000796467065,1385
347,0.09000000171363354,0.048600000813603404,1385
348,0.0,0.048600000813603404,1385
349,0.10000000149011612,0.048600000813603404,1385
350,0.0,0.048600000813603404,1385
351,0.09000000171363354,0.048600000813603404,1385
352,0.10000000149011612,0.04960000082850456,1385
353,0.10000000149011612,0.050600000843405726,1385
354,0.10000000149011612,0.051600000858306884,1385
355,0.10000000149011612,0.051600000858306884,1385
356,0.10000000149011612,0.05260000087320805,1385
357,0.0,0.05260000087320805,1385
358,0.09000000171363354,0.05250000087544322,1385
359,0.10000000149011612,0.05350000089034438,1385
360,0.09000000171363354,0.053400000892579555,1385
361,0.10000000149011612,0.05440000090748072,1385
362,0.09000000171363354,0.05530000092461705,1385
363,0.10000000149011612,0.056300000939518216,1385
364,0.09000000171363354,0.05720000095665455,1385
365,0.09000000171363354,0.05810000097379089,1385
366,0.10000000149011612,0.05820000097155571,1385
367,0.10000000149011612,0.05920000098645687,1385
368,0.0,0.05820000097155571,1385
369,0.09000000171363354,0.05720000095665455,1385
370,0.09000000171363354,0.05810000097379089,1385
371,0.0,0.05710000095888972,1385
372,0.09000000171363354,0.05800000097602606,1385
373,0.09000000171363354,0.058900000993162394,1385
374,0.09000000171363354,0.059800001010298726,1385
375,0.09000000171363354,0.060700001027435065,1385
376,0.10000000149011612,0.06170000104233622,1385
377,0.10000000149011612,0.06270000105723739,1385
378,0.10000000149011612,0.06370000107213855,1385
379,0.09000000171363354,0.06460000108927488,1385
380,0.09000000171363354,0.06550000110641122,1385
381,0.10000000149011612,0.06550000110641122,1385
382,0.09000000171363354,0.06640000112354755,1385
383,0.09000000171363354,0.0673000011406839,1385
384,0.09000000171363354,0.06820000115782023,1385
385,0.10000000149011612,0.06920000117272139,1385
386,0.10000000149011612,0.07020000118762254,1385
387,0.10000000149011612,0.0712000012025237,1385
388,0.10000000149011612,0.07220000121742487,1385
389,0.10000000149011612,0.07320000123232603,1385
390,0.10000000149011612,0.0742000012472272,1385
391,0.09000000171363354,0.07510000126436353,1385
392,0.10000000149011612,0.0761000012792647,1385
393,0.09000000171363354,0.07700000129640103,1385
394,0.20000000298023224,0.07900000132620334,1385
395,0.10000000149011612,0.0800000013411045,1385
396,0.0,0.0800000013411045,1385
397,0.30000000447034836,0.08300000138580799,1385
398,0.10000000149011612,0.08400000140070915,1385
399,0.09000000171363354,0.08490000141784548,1385
400,0.09000000171363354,0.08490000141784548,1385
401,0.09000000171363354,0.08490000141784548,1385
402,0.09000000171363354,0.08580000143498183,1385
403,0.10000000149011612,0.08680000144988298,1385
404,0.09000000171363354,0.08680000144988298,1385
405,0.10000000149011612,0.08690000144764781,1385
406,0.10000000149011612,0.08690000144764781,1385
407,0.09000000171363354,0.08780000146478414,1385
408,0.10000000149011612,0.08880000147968531,1385
409,0.09000000171363354,0.08970000149682164,1385
410,0.09000000171363354,0.08970000149682164,1385
411,0.10000000149011612,0.08970000149682164,1385
412,0.10000000149011612,0.08980000149458647,1385
413,0.0,0.08890000147745013,1385
414,0.10000000149011612,0.08890000147745013,1385
415,0.10000000149011612,0.08900000147521496,1385
416,0.09000000171363354,0.08900000147521496,1385
417,0.09000000171363354,0.08990000149235129,1385
418,0.10000000149011612,0.09090000150725246,1385
419,0.10000000149011612,0.09190000152215362,1385
420,0.09000000171363354,0.09190000152215362,1385
421,0.09000000171363354,0.09180000152438879,1385
422,0.09000000171363354,0.09170000152662397,1385
423,0.10000000149011612,0.09170000152662397,1385
424,0.09000000171363354,0.0926000015437603,1385
425,0.10000000149011612,0.09270000154152512,1385
426,0.20000000298023224,0.09370000155642629,1385
427,0.09000000171363354,0.09360000155866147,1385
428,0.10000000149011612,0.09360000155866147,1385
429,0.0,0.09270000154152512,1385
430,0.10000000149011612,0.09270000154152512,1385
431,0.09000000171363354,0.09270000154152512,1385
432,0.10000000149011612,0.09170000152662397,1385
433,0.0,0.0907000015117228,1385
434,0.09000000171363354,0.09060000151395797,1385
435,0.10000000149011612,0.09060000151395797,1385
436,0.09000000171363354,0.09050000151619315,1385
437,0.09000000171363354,0.09050000151619315,1385
438,0.09000000171363354,0.09050000151619315,1385
439,0.09000000171363354,0.09050000151619315,1385
440,0.10000000149011612,0.09060000151395797,1385
441,0.09000000171363354,0.09050000151619315,1385
442,0.10000000149011612,0.09050000151619315,1385
443,0.10000000149011612,0.09050000151619315,1385
444,0.0,0.08960000149905682,1385
445,0.09000000171363354,0.08960000149905682,1385
446,0.10000000149011612,0.08970000149682164,1385
447,0.0,0.08880000147968531,1385
448,0.09000000171363354,0.08970000149682164,1385
449,0.09000000171363354,0.08960000149905682,1385
450,0.09000000171363354,0.09050000151619315,1385
451,0.10000000149011612,0.09060000151395797,1385
452,0.09000000171363354,0.09050000151619315,1385
453,0.0,0.08950000150129199,1385
454,0.09000000171363354,0.08940000150352717,1385
455,0.0,0.088400001488626,1385
456,0.09000000171363354,0.08830000149086117,1385
457,0.20000000298023224,0.0903000015206635,1385
458,0.09000000171363354,0.0903000015206635,1385
459,0.10000000149011612,0.0903000015206635,1385
460,0.09000000171363354,0.0903000015206635,1385
461,0.09000000171363354,0.09020000152289867,1385
462,0.10000000149011612,0.0903000015206635,1385
463,0.09000000171363354,0.09020000152289867,1385
464,0.09000000171363354,0.09020000152289867,1385
465,0.09000000171363354,0.09020000152289867,1385
466,0.10000000149011612,0.09020000152289867,1385
467,0.09000000171363354,0.09010000152513385,1385
468,0.09000000171363354,0.09100000154227018,1385
469,0.10000000149011612,0.091100001540035,1385
470,0.10000000149011612,0.09120000153779984,1385
471,0.10000000149011612,0.092200001552701,1385
472,0.10000000149011612,0.09230000155046582,1385
473,0.09000000171363354,0.09230000155046582,1385
474,0.09000000171363354,0.09230000155046582,1385
475,0.09000000171363354,0.09230000155046582,1385
476,0.09000000171363354,0.092200001552701,1385
477,0.10000000149011612,0.092200001552701,1385
478,0.4000000059604645,0.09520000159740448,1385
479,0.10000000149011612,0.09530000159516931,1385
480,0.09000000171363354,0.09530000159516931,1385
481,0.09000000171363354,0.09520000159740448,1385
482,0.10000000149011612,0.09530000159516931,1385
483,0.10000000149011612,0.09540000159293413,1385
484,0.10000000149011612,0.09550000159069896,1385
485,0.09000000171363354,0.09540000159293413,1385
486,0.10000000149011612,0.09540000159293413,1385
487,0.09000000171363354,0.09530000159516931,1385
488,0.09000000171363354,0.09520000159740448,1385
489,0.20000000298023224,0.09620000161230564,1385
490,0.09000000171363354,0.09610000161454081,1385
491,0.09000000171363354,0.09610000161454081,1385
492,0.10000000149011612,0.09610000161454081,1385
493,0.09000000171363354,0.09610000161454081,1385
494,0.09000000171363354,0.09500000160187483,1385
495,0.10000000149011612,0.09500000160187483,1385
496,0.09000000171363354,0.09590000161901116,1385
497,0.0,0.09290000157430768,1385
498,0.09000000171363354,0.09280000157654285,1385
499,0.09000000171363354,0.09280000157654285,1385
500,0.20000000298023224,0.09390000158920885,1385
501,0.09000000171363354,0.09390000158920885,1385
502,0.09000000171363354,0.09390000158920885,1385
503,0.09000000171363354,0.09380000159144401,1385
504,0.09000000171363354,0.09380000159144401,1385
505,0.09000000171363354,0.0937000015936792,1385
506,0.10000000149011612,0.0937000015936792,1385
507,0.09000000171363354,0.0937000015936792,1385
508,0.10000000149011612,0.0937000015936792,1385
509,0.09000000171363354,0.0937000015936792,1385
510,0.09000000171363354,0.0937000015936792,1385
511,0.10000000149011612,0.0937000015936792,1385
512,0.10000000149011612,0.0937000015936792,1385
513,0.10000000149011612,0.09470000160858034,1385
514,0.10000000149011612,0.09470000160858034,1385
515,0.10000000149011612,0.09470000160858034,1385
516,0.30000000447034836,0.09680000163614749,1385
517,0.20000000298023224,0.09790000164881349,1385
518,0.09000000171363354,0.09780000165104866,1385
519,0.09000000171363354,0.09770000165328384,1385
520,0.09000000171363354,0.09770000165328384,1385
521,0.20000000298023224,0.09880000166594982,1385
522,0.09000000171363354,0.09880000166594982,1385
523,0.20000000298023224,0.09980000168085099,1385
524,0.09000000171363354,0.09980000168085099,1385
525,0.10000000149011612,0.09980000168085099,1385
526,0.10000000149011612,0.09880000166594982,1385
527,0.0,0.09790000164881349,1385
528,0.09000000171363354,0.09780000165104866,1385
529,0.09000000171363354,0.09870000166818499,1385
530,0.09000000171363354,0.09860000167042017,1385
531,0.20000000298023224,0.09970000168308615,1385
532,0.09000000171363354,0.09960000168532133,1385
533,0.09000000171363354,0.10050000170245767,1385
534,0.0,0.09960000168532133,1385
535,0.10000000149011612,0.09960000168532133,1385
536,0.09000000171363354,0.09960000168532133,1385
537,0.0,0.09870000166818499,1385
538,0.09000000171363354,0.09870000166818499,1385
539,0.20000000298023224,0.09980000168085099,1385
540,0.10000000149011612,0.09980000168085099,1385
541,0.20000000298023224,0.10090000169351697,1385
542,0.09000000171363354,0.10080000169575215,1385
543,0.09000000171363354,0.10070000169798732,1385
544,0.20000000298023224,0.10270000172778965,1385
545,0.30000000447034836,0.1048000017553568,1385
546,0.20000000298023224,0.10580000177025795,1385
547,0.09000000171363354,0.10670000178739429,1385
548,0.10000000149011612,0.10680000178515911,1385
549,0.09000000171363354,0.10680000178515911,1385
550,0.09000000171363354,0.10680000178515911,1385
551,0.0,0.10580000177025795,1385
552,0.09000000171363354,0.10580000177025795,1385
553,0.30000000447034836,0.10880000181496144,1385
554,0.10000000149011612,0.10890000181272626,1385
555,0.09000000171363354,0.10980000182986259,1385
556,0.10000000149011612,0.10990000182762742,1385
557,0.0,0.10790000179782509,1385
558,0.10000000149011612,0.10800000179558993,1385
559,0.09000000171363354,0.10790000179782509,1385
560,0.10000000149011612,0.10800000179558993,1385
561,0.09000000171363354,0.10800000179558993,1385
562,0.09000000171363354,0.10790000179782509,1385
563,0.09000000171363354,0.10790000179782509,1385
564,0.09000000171363354,0.10790000179782509,1385
565,0.20000000298023224,0.10900000181049109,1385
566,0.09000000171363354,0.10890000181272626,1385
567,0.09000000171363354,0.10890000181272626,1385
568,0.09000000171363354,0.10890000181272626,1385
569,0.10000000149011612,0.10890000181272626,1385
570,0.10000000149011612,0.10890000181272626,1385
571,0.19000000320374966,0.10980000182986259,1385
572,0.20000000298023224,0.11080000184476375,1385
573,0.09000000171363354,0.11080000184476375,1385
574,0.20000000298023224,0.11190000185742974,1385
575,0.09000000171363354,0.11190000185742974,1385
576,0.10000000149011612,0.11200000185519457,1385
577,0.10000000149011612,0.11200000185519457,1385
578,0.10000000149011612,0.10900000181049109,1385
579,0.10000000149011612,0.10900000181049109,1385
580,0.09000000171363354,0.10900000181049109,1385
581,0.30000000447034836,0.11110000183805824,1385
582,0.09000000171363354,0.1110000018402934,1385
583,0.10000000149011612,0.1110000018402934,1385
584,0.10000000149011612,0.1110000018402934,1385
585,0.10000000149011612,0.11110000183805824,1385
586,0.09000000171363354,0.1110000018402934,1385
587,0.10000000149011612,0.11110000183805824,1385
588,0.09000000171363354,0.11110000183805824,1385
589,0.09000000171363354,0.11000000182539224,1385
590,0.09000000171363354,0.11000000182539224,1385
591,0.09000000171363354,0.11000000182539224,1385
592,0.20000000298023224,0.1110000018402934,1385
593,0.09000000171363354,0.1110000018402934,1385
594,0.30000000447034836,0.11310000186786055,1385
595,0.10000000149011612,0.11310000186786055,1385
596,0.09000000171363354,0.11310000186786055,1385
597,0.09000000171363354,0.11400000188499688,1385
598,0.09000000171363354,0.11400000188499688,1385
599,0.20000000298023224,0.11510000189766288,1385
600,0.20000000298023224,0.11510000189766288,1385
601,0.20000000298023224,0.11620000191032887,1385
602,0.09000000171363354,0.11620000191032887,1385
603,0.10000000149011612,0.1163000019080937,1385
604,0.20000000298023224,0.11740000192075968,1385
605,0.09000000171363354,0.11740000192075968,1385
606,0.30000000447034836,0.119400001950562,1385
607,0.20000000298023224,0.12050000196322799,1385
608,0.10000000149011612,0.12050000196322799,1385
609,0.09000000171363354,0.12050000196322799,1385
610,0.20000000298023224,0.12160000197589398,1385
611,0.09000000171363354,0.12150000197812914,1385
612,0.09000000171363354,0.12140000198036432,1385
613,0.09000000171363354,0.12130000198259949,1385
614,0.10000000149011612,0.12130000198259949,1385
615,0.09000000171363354,0.12120000198483467,1385
616,0.09000000171363354,0.11910000195726753,1385
617,0.10000000149011612,0.11810000194236636,1385
618,0.09000000171363354,0.11810000194236636,1385
619,0.20000000298023224,0.11920000195503234,1385
620,0.09000000171363354,0.11920000195503234,1385
621,0.09000000171363354,0.11810000194236636,1385
622,0.0,0.11720000192523003,1385
623,0.20000000298023224,0.11720000192523003,1385
624,0.09000000171363354,0.11720000192523003,1385
625,0.10000000149011612,0.11720000192523003,1385
626,0.09000000171363354,0.1171000019274652,1385
627,0.09000000171363354,0.11800000194460153,1385
628,0.09000000171363354,0.11800000194460153,1385
629,0.10000000149011612,0.11810000194236636,1385
630,0.30000000447034836,0.12020000196993351,1385
631,0.0,0.1182000019401312,1385
632,0.09000000171363354,0.1182000019401312,1385
633,0.09000000171363354,0.1182000019401312,1385
634,0.20000000298023224,0.12020000196993351,1385
635,0.20000000298023224,0.12120000198483467,1385
636,0.09000000171363354,0.12120000198483467,1385
637,0.09000000171363354,0.122100002001971,1385
638,0.09000000171363354,0.122100002001971,1385
639,0.5000000074505806,0.12510000204667449,1385
640,0.09000000171363354,0.12500000204890965,1385
641,0.09000000171363354,0.12390000203624368,1385
642,0.5000000074505806,0.12800000209361315,1385
643,0.800000011920929,0.1351000021956861,1385
644,0.30000000447034836,0.13610000221058727,1385
645,0.09000000171363354,0.1340000021830201,1385
646,0.09000000171363354,0.13290000217035414,1385
647,0.20000000298023224,0.1340000021830201,1385
648,0.09000000171363354,0.1339000021852553,1385
649,0.09000000171363354,0.1339000021852553,1385
650,0.09000000171363354,0.1339000021852553,1385
651,0.10000000149011612,0.13490000220015644,1385
652,0.19000000320374966,0.1359000022150576,1385
653,0.10000000149011612,0.1339000021852553,1385
654,0.10000000149011612,0.1339000021852553,1385
655,0.10000000149011612,0.1340000021830201,1385
656,0.09000000171363354,0.1339000021852553,1385
657,0.20000000298023224,0.1359000022150576,1385
658,0.09000000171363354,0.1358000022172928,1385
659,0.10000000149011612,0.1359000022150576,1385
660,0.09000000171363354,0.1358000022172928,1385
661,0.20000000298023224,0.13690000222995877,1385
662,0.10000000149011612,0.1370000022277236,1385
663,0.20000000298023224,0.1381000022403896,1385
664,0.10000000149011612,0.1382000022381544,1385
665,0.10000000149011612,0.13720000222325324,1385
666,0.09000000171363354,0.13720000222325324,1385
667,0.09000000171363354,0.13720000222325324,1385
668,0.09000000171363354,0.13720000222325324,1385
669,0.09000000171363354,0.13710000222548843,1385
670,0.10000000149011612,0.13710000222548843,1385
671,0.09000000171363354,0.13610000221058727,1385
672,0.10000000149011612,0.1351000021956861,1385
673,0.09000000171363354,0.1351000021956861,1385
674,0.09000000171363354,0.1340000021830201,1385
675,0.10000000149011612,0.13410000218078494,1385
676,0.10000000149011612,0.13410000218078494,1385
677,0.09000000171363354,0.1340000021830201,1385
678,0.20000000298023224,0.13500000219792127,1385
679,0.0,0.1340000021830201,1385
680,0.20000000298023224,0.1351000021956861,1385
681,0.09000000171363354,0.13300000216811894,1385
682,0.09000000171363354,0.13300000216811894,1385
683,0.4000000059604645,0.13600000221282244,1385
684,0.10000000149011612,0.13600000221282244,1385
685,0.09000000171363354,0.1359000022150576,1385
686,0.5000000074505806,0.1400000022724271,1385
687,0.09000000171363354,0.13990000227466226,1385
688,0.09000000171363354,0.13990000227466226,1385
689,0.10000000149011612,0.1400000022724271,1385
690,0.30000000447034836,0.14210000229999423,1385
691,0.30000000447034836,0.1442000023275614,1385
692,0.20000000298023224,0.1442000023275614,1385
693,0.30000000447034836,0.14630000235512852,1385
694,0.10000000149011612,0.1443000023253262,1385
695,0.10000000149011612,0.1443000023253262,1385
696,0.10000000149011612,0.14440000232309103,1385
697,0.19000000320374966,0.1454000023379922,1385
698,0.20000000298023224,0.1465000023506582,1385
699,0.5000000074505806,0.14950000239536165,1385
700,0.20000000298023224,0.14950000239536165,1385
701,0.10000000149011612,0.1485000023804605,1385
702,0.4000000059604645,0.15160000242292881,1385
703,0.0,0.15060000240802765,1385
704,0.10000000149011612,0.14960000239312649,1385
705,0.0,0.14870000237599015,1385
706,0.20000000298023224,0.147700002361089,1385
707,0.10000000149011612,0.14670000234618782,1385
708,0.20000000298023224,0.147700002361089,1385
709,0.09000000171363354,0.147700002361089,1385
710,0.10000000149011612,0.14670000234618782,1385
711,0.30000000447034836,0.14880000237375499,1385
712,0.0,0.14790000235661865,1385
713,0.20000000298023224,0.14900000236928462,1385
714,0.0,0.14800000235438346,1385
715,0.19000000320374966,0.14900000236928462,1385
716,0.10000000149011612,0.14910000236704946,1385
717,0.20000000298023224,0.15010000238195062,1385
718,0.10000000149011612,0.15020000237971545,1385
719,0.10000000149011612,0.1492000023648143,1385
720,0.20000000298023224,0.15030000237748026,1385
721,0.20000000298023224,0.15140000239014625,1385
722,0.10000000149011612,0.15240000240504742,1385
723,0.10000000149011612,0.15140000239014625,1385
724,0.10000000149011612,0.1515000023879111,1385
725,0.20000000298023224,0.15250000240281225,1385
726,0.10000000149011612,0.15260000240057706,1385
727,0.10000000149011612,0.1527000023983419,1385
728,0.30000000447034836,0.15480000242590905,1385
729,0.20000000298023224,0.15580000244081021,1385
730,0.10000000149011612,0.15380000241100789,1385
731,0.4000000059604645,0.15780000247061252,1385
732,0.20000000298023224,0.1589000024832785,1385
733,0.10000000149011612,0.15900000248104335,1385
734,0.30000000447034836,0.1600000024959445,1385
735,0.10000000149011612,0.15900000248104335,1385
736,0.19000000320374966,0.1600000024959445,1385
737,0.4000000059604645,0.1631000025384128,1385
738,0.10000000149011612,0.16320000253617764,1385
739,0.20000000298023224,0.16020000249147415,1385
740,0.19000000320374966,0.1612000025063753,1385
741,0.10000000149011612,0.16130000250414014,1385
742,0.5000000074505806,0.16130000250414014,1385
743,0.10000000149011612,0.15430000239983202,1385
744,0.4000000059604645,0.15530000241473318,1385
745,0.0,0.15440000239759682,1385
746,0.10000000149011612,0.15450000239536166,1385
747,0.0,0.15250000236555933,1385
748,0.20000000298023224,0.15360000237822533,1385
749,0.10000000149011612,0.15370000237599016,1385
750,0.10000000149011612,0.153800002373755,1385
751,0.20000000298023224,0.15480000238865613,1385
752,0.10000000149011612,0.1539000023715198,1385
753,0.10000000149011612,0.1539000023715198,1385
754,0.19000000320374966,0.15480000238865613,1385
755,0.20000000298023224,0.1558000024035573,1385
756,0.20000000298023224,0.1569000024162233,1385
757,0.20000000298023224,0.1569000024162233,1385
758,0.10000000149011612,0.15700000241398812,1385
759,0.10000000149011612,0.15700000241398812,1385
760,0.30000000447034836,0.15910000244155525,1385
761,0.19000000320374966,0.15900000244379042,1385
762,0.10000000149011612,0.15900000244379042,1385
763,0.20000000298023224,0.15900000244379042,1385
764,0.09000000171363354,0.15890000244602562,1385
765,0.20000000298023224,0.15990000246092678,1385
766,0.0,0.15900000244379042,1385
767,0.10000000149011612,0.15910000244155525,1385
768,0.10000000149011612,0.1592000024393201,1385
769,0.0,0.15830000242218376,1385
770,0.0,0.1573000024072826,1385
771,0.5000000074505806,0.16140000246465205,1385
772,0.30000000447034836,0.16340000249445438,1385
773,0.30000000447034836,0.16550000252202154,1385
774,0.4000000059604645,0.16860000256448984,1385
775,0.0,0.16760000254958868,1385
776,0.19000000320374966,0.168500002566725,1385
777,0.10000000149011612,0.16860000256448984,1385
778,0.6000000089406967,0.17260000262409447,1385
779,0.0,0.17260000262409447,1385
780,0.20000000298023224,0.17260000262409447,1385
781,0.20000000298023224,0.17370000263676047,1385
782,0.10000000149011612,0.1738000026345253,1385
783,0.19000000320374966,0.17170000260695814,1385
784,0.10000000149011612,0.17170000260695814,1385
785,0.10000000149011612,0.17180000260472297,1385
786,0.5000000074505806,0.17180000260472297,1385
787,0.0,0.17090000258758664,1385
788,0.10000000149011612,0.17100000258535147,1385
789,0.10000000149011612,0.17100000258535147,1385
790,0.0,0.16800000254064798,1385
791,0.10000000149011612,0.16600000251084565,1385
792,0.10000000149011612,0.1650000024959445,1385
793,0.10000000149011612,0.16300000246614219,1385
794,0.20000000298023224,0.16400000248104335,1385
795,0.10000000149011612,0.16400000248104335,1385
796,0.09000000171363354,0.16390000248327852,1385
797,0.10000000149011612,0.16300000246614219,1385
798,0.10000000149011612,0.16200000245124102,1385
799,0.19000000320374966,0.1589000024087727,1385
800,0.19000000320374966,0.1588000024110079,1385
801,0.0,0.15780000239610673,1385
802,1.0000000149011612,0.16380000248551368,1385
803,0.10000000149011612,0.16480000250041485,1385
804,0.0,0.16380000248551368,1385
805,0.10000000149011612,0.16480000250041485,1385
806,0.9000000134110451,0.17180000260472297,1385
807,0.10000000149011612,0.17180000260472297,1385
808,0.0,0.16980000257492064,1385
809,0.2900000046938658,0.17180000260472297,1385
810,0.10000000149011612,0.17180000260472297,1385
811,0.4000000059604645,0.17280000261962414,1385
812,0.10000000149011612,0.1738000026345253,1385
813,0.20000000298023224,0.1738000026345253,1385
814,0.800000011920929,0.1818000027537346,1385
815,0.20000000298023224,0.18190000275149942,1385
816,0.5000000074505806,0.18590000281110405,1385
817,1.1000000163912773,0.1949000029452145,1385
818,0.10000000149011612,0.1949000029452145,1385
819,0.10000000149011612,0.1949000029452145,1385
820,1.3000000193715096,0.2059000031091273,1385
821,0.0,0.20390000307932496,1385
822,0.09000000171363354,0.20380000308156013,1385
823,0.10000000149011612,0.20380000308156013,1385
824,0.800000011920929,0.21080000318586825,1385
825,0.09000000171363354,0.20970000317320228,1385
826,0.0,0.20870000315830112,1385
827,0.0,0.20770000314339995,1385
828,0.6000000089406967,0.21070000318810345,1385
829,0.5000000074505806,0.2137000032328069,1385
830,0.20000000298023224,0.21470000324770808,1385
831,0.10000000149011612,0.2117000032030046,1385
832,0.10000000149011612,0.21070000318810345,1385
833,0.20000000298023224,0.2117000032030046,1385
834,0.5000000074505806,0.2137000032328069,1385
835,0.10000000149011612,0.2137000032328069,1385
836,1.1000000163912773,0.2228000033646822,1385
837,0.10000000149011612,0.2198000033199787,1385
838,0.0,0.21880000330507754,1385
839,0.10000000149011612,0.2178000032901764,1385
840,0.10000000149011612,0.21690000327304004,1385
841,0.10000000149011612,0.21690000327304004,1385
842,0.10000000149011612,0.2129000032134354,1385
843,1.3000000193715096,0.22490000339224936,1385
844,0.0,0.2209000033326447,1385
845,0.10000000149011612,0.22190000334754587,1385
846,0.30000000447034836,0.2239000033773482,1385
847,0.6000000089406967,0.22990000346675515,1385
848,0.0,0.22790000343695282,1385
849,0.10000000149011612,0.22790000343695282,1385
850,0.5000000074505806,0.23190000349655748,1385
851,0.0,0.22990000346675515,1385
852,1.2000000178813934,0.24090000363066794,1385
853,0.20000000298023224,0.24190000364556907,1385
854,0.7000000104308128,0.24700000371783973,1385
855,0.30000000447034836,0.2480000037327409,1385
856,0.10000000149011612,0.24700000371783973,1385
857,0.0,0.2450000036880374,1385
858,0.0,0.24400000367313623,1385
859,0.30000000447034836,0.24600000370293856,1385
860,0.0,0.24300000365823507,1385
861,0.10000000149011612,0.24210000364109874,1385
862,0.09000000171363354,0.2420000036433339,1385
863,0.10000000149011612,0.24100000362843274,1385
864,0.0,0.2401000036112964,1385
865,0.10000000149011612,0.23910000359639524,1385
866,0.10000000149011612,0.2401000036112964,1385
867,0.7900000121444464,0.24700000371783973,1385
868,0.10000000149011612,0.24700000371783973,1385
869,0.30000000447034836,0.2500000037625432,1385
870,0.30000000447034836,0.2530000038072467,1385
871,0.20000000298023224,0.2500000037625432,1385
872,1.700000025331974,0.26400000397115947,1385
873,0.30000000447034836,0.26400000397115947,1385
874,0.10000000149011612,0.26100000392645595,1385
875,0.3900000061839819,0.2649000039882958,1385
876,0.20000000298023224,0.2650000039860606,1385
877,0.20000000298023224,0.2660000040009618,1385
878,0.10000000149011612,0.26100000392645595,1385
879,0.19000000320374966,0.26290000395849344,1385
880,0.19000000320374966,0.26280000396072867,1385
881,0.09000000171363354,0.26170000394806264,1385
882,0.19000000320374966,0.262600003965199,1385
883,0.09000000171363354,0.2616000039502978,1385
884,0.20000000298023224,0.262600003965199,1385
885,0.5000000074505806,0.26660000402480366,1385
886,0.4000000059604645,0.26560000400990247,1385
887,0.10000000149011612,0.26660000402480366,1385
888,0.4000000059604645,0.2696000040695071,1385
889,0.09000000171363354,0.2695000040717423,1385
890,0.10000000149011612,0.27050000408664343,1385
891,0.10000000149011612,0.27050000408664343,1385
892,0.10000000149011612,0.27050000408664343,1385
893,0.0,0.2695000040717423,1385
894,0.19000000320374966,0.26940000407397746,1385
895,0.10000000149011612,0.26940000407397746,1385
896,0.10000000149011612,0.2695000040717423,1385
897,0.20000000298023224,0.27050000408664343,1385
898,0.10000000149011612,0.27050000408664343,1385
899,0.10000000149011612,0.2696000040695071,1385
900,0.19000000320374966,0.2696000040695071,1385
901,0.20000000298023224,0.27160000409930946,1385
902,0.10000000149011612,0.262600003965199,1385
903,0.10000000149011612,0.262600003965199,1385
904,0.20000000298023224,0.26460000399500133,1385
905,0.20000000298023224,0.26560000400990247,1385
906,0.5000000074505806,0.2616000039502978,1385
907,0.09000000357627869,0.26150000397115947,1385
908,0.10000000149011612,0.2625000039860606,1385
909,0.30000000447034836,0.26260000398382544,1385
910,0.20000000298023224,0.26360000399872663,1385
911,0.10000000149011612,0.2606000039540231,1385
912,0.10000000149011612,0.2606000039540231,1385
913,0.10000000149011612,0.25960000393912197,1385
914,0.10000000149011612,0.25260000383481385,1385
915,0.10000000149011612,0.25160000381991265,1385
916,0.20000000298023224,0.2486000037752092,1385
917,0.10000000149011612,0.23860000362619757,1385
918,0.10000000149011612,0.23860000362619757,1385
919,0.10000000149011612,0.23860000362619757,1385
920,0.10000000149011612,0.22660000344738365,1385
921,0.10000000149011612,0.22760000346228482,1385
922,0.10000000149011612,0.22770000346004962,1385
923,0.0,0.22670000344514846,1385
924,0.10000000149011612,0.21970000334084033,1385
925,0.10000000149011612,0.21980000333860517,1385
926,0.4000000059604645,0.22380000339820982,1385
927,0.10000000149011612,0.22480000341311096,1385
928,0.20000000298023224,0.22080000335350633,1385
929,0.10000000149011612,0.21680000329390167,1385
930,0.20000000298023224,0.21680000329390167,1385
931,0.0,0.2158000032790005,1385
932,0.10000000149011612,0.2158000032790005,1385
933,0.10000000149011612,0.21480000326409937,1385
934,0.10000000149011612,0.2108000032044947,1385
935,0.10000000149011612,0.2108000032044947,1385
936,0.10000000149011612,0.2008000030554831,1385
937,0.10000000149011612,0.2008000030554831,1385
938,0.20000000298023224,0.20280000308528542,1385
939,0.10000000149011612,0.20280000308528542,1385
940,0.20000000298023224,0.2038000031001866,1385
941,0.10000000149011612,0.2038000031001866,1385
942,0.30000000447034836,0.20580000312998892,1385
943,0.0,0.1928000029362738,1385
944,0.10000000149011612,0.19380000295117497,1385
945,0.20000000298023224,0.19480000296607614,1385
946,1.4000000208616257,0.20580000312998892,1385
947,0.30000000447034836,0.20280000308528542,1385
948,0.30000000447034836,0.20580000312998892,1385
949,0.10000000149011612,0.20580000312998892,1385
950,0.10000000149011612,0.20180000307038426,1385
951,0.10000000149011612,0.20280000308528542,1385
952,0.20000000298023224,0.1928000029362738,1385
953,0.4000000059604645,0.19480000296607614,1385
954,0.20000000298023224,0.18980000289157034,1385
955,1.1000000163912773,0.19780000301077963,1385
956,0.10000000149011612,0.19780000301077963,1385
957,0.10000000149011612,0.1988000030256808,1385
958,0.20000000298023224,0.2008000030554831,1385
959,0.10000000149011612,0.1988000030256808,1385
960,0.10000000149011612,0.19980000304058193,1385
961,0.10000000149011612,0.19980000304058193,1385
962,0.800000011920929,0.2069000031426549,1385
963,0.10000000149011612,0.2069000031426549,1385
964,0.10000000149011612,0.20790000315755605,1385
965,0.4000000059604645,0.21090000320225954,1385
966,0.10000000149011612,0.21090000320225954,1385
967,0.10000000149011612,0.20400000309571623,1385
968,0.0,0.2030000030808151,1385
969,0.10000000149011612,0.20100000305101276,1385
970,0.10000000149011612,0.19900000302121043,1385
971,0.0,0.1970000029914081,1385
972,0.10000000149011612,0.18100000275298953,1385
973,0.10000000149011612,0.1790000027231872,1385
974,0.0,0.17800000270828606,1385
975,0.0,0.17410000264644623,1385
976,0.10000000149011612,0.17310000263154507,1385
977,0.0,0.17110000260174274,1385
978,0.0,0.17010000258684158,1385
979,0.0,0.16820000255480408,1385
980,0.0,0.16630000252276658,1385
981,0.10000000149011612,0.16640000252053141,1385
982,0.0,0.16450000248849392,1385
983,0.20000000298023224,0.16560000250115992,1385
984,0.10000000149011612,0.16460000248625875,1385
985,0.10000000149011612,0.1606000024266541,1385
986,0.10000000149011612,0.15760000238195063,1385
987,0.10000000149011612,0.15760000238195063,1385
988,0.0,0.15360000232234597,1385
989,0.10000000149011612,0.1537000023201108,1385
990,0.10000000149011612,0.1537000023201108,1385
991,0.10000000149011612,0.1537000023201108,1385
992,0.0,0.15270000230520964,1385
993,0.10000000149011612,0.1537000023201108,1385
994,0.10000000149011612,0.15280000230297447,1385
995,0.10000000149011612,0.15280000230297447,1385
996,0.0,0.1518000022880733,1385
997,0.0,0.14980000225827098,1385
998,0.20000000298023224,0.15080000227317214,1385
999,0.800000011920929,0.15780000237748026,1385
1000,1.4000000208616257,0.16990000255405902,1385
1001,0.800000011920929,0.175900002643466,1385
1002,0.10000000149011612,0.175900002643466,1385
1003,0.10000000149011612,0.175900002643466,1385
1004,0.10000000149011612,0.17490000262856484,1385
1005,0.10000000149011612,0.17390000261366367,1385
1006,0.5000000074505806,0.17390000261366367,1385
1007,0.4000000059604645,0.17700000263750554,1385
1008,0.10000000149011612,0.17700000263750554,1385
1009,0.10000000149011612,0.1750000026077032,1385
1010,0.10000000149011612,0.17400000259280204,1385
1011,0.30000000447034836,0.17600000262260437,1385
1012,0.10000000149011612,0.17600000262260437,1385
1013,0.20000000298023224,0.17700000263750554,1385
1014,0.10000000149011612,0.17700000263750554,1385
1015,0.10000000149011612,0.17700000263750554,1385
1016,1.0000000149011612,0.18500000275671483,1385
1017,0.4000000059604645,0.1880000028014183,1385
1018,0.10000000149011612,0.1880000028014183,1385
1019,0.20000000298023224,0.18900000281631946,1385
1020,0.7000000104308128,0.19500000290572644,1385
1021,0.10000000149011612,0.19500000290572644,1385
1022,0.10000000149011612,0.19500000290572644,1385
1023,0.20000000298023224,0.19700000293552875,1385
1024,0.10000000149011612,0.19700000293552875,1385
1025,0.10000000149011612,0.19700000293552875,1385
1026,0.800000011920929,0.2010000029951334,1385
1027,1.4000000208616257,0.2140000031888485,1385
1028,0.10000000149011612,0.21300000317394732,1385
1029,0.10000000149011612,0.21300000317394732,1385
1030,0.10000000149011612,0.21200000315904619,1385
1031,0.9000000134110451,0.2210000032931566,1385
1032,0.09000000171363354,0.2209000032953918,1385
1033,0.10000000149011612,0.2209000032953918,1385
1034,0.9000000134110451,0.2289000034146011,1385
1035,0.19000000320374966,0.22980000343173743,1385
1036,0.10000000149011612,0.22980000343173743,1385
1037,1.3000000193715096,0.24180000361055135,1385
1038,1.290000019595027,0.2527000037766993,1385
1039,0.9900000151246786,0.26160000391304494,1385
1040,0.10000000149011612,0.26060000389814375,1385
1041,0.0,0.2596000038832426,1385
1042,0.10000000149011612,0.2576000038534403,1385
1043,0.20000000298023224,0.2596000038832426,1385
1044,0.4000000059604645,0.2626000039279461,1385
1045,0.9000000134110451,0.2696000040322542,1385
1046,0.4000000059604645,0.2596000038832426,1385
1047,0.10000000149011612,0.2576000038534403,1385
1048,0.10000000149011612,0.25560000382363796,1385
1049,0.30000000447034836,0.2576000038534403,1385
1050,0.30000000447034836,0.2596000038832426,1385
1051,0.20000000298023224,0.26060000389814375,1385
1052,0.10000000149011612,0.2596000038832426,1385
1053,0.10000000149011612,0.25660000383853915,1385
1054,0.10000000149011612,0.25560000382363796,1385
1055,0.10000000149011612,0.24560000367462634,1385
1056,0.20000000298023224,0.2466000036895275,1385
1057,0.3900000061839819,0.24950000373646616,1385
1058,1.0000000149011612,0.25750000385567545,1385
1059,0.30000000447034836,0.2595000038854778,1385
1060,0.10000000149011612,0.2595000038854778,1385
1061,1.1000000163912773,0.26950000403448937,1385
1062,0.10000000149011612,0.26250000393018125,1385
1063,0.10000000149011612,0.26250000393018125,1385
1064,0.10000000149011612,0.26250000393018125,1385
1065,0.30000000447034836,0.2615000039152801,1385
1066,0.30000000447034836,0.26350000394508244,1385
1067,0.5000000074505806,0.2675000040046871,1385
1068,0.20000000298023224,0.26950000403448937,1385
1069,0.10000000149011612,0.26950000403448937,1385
1070,0.10000000149011612,0.26950000403448937,1385
1071,0.6000000089406967,0.27550000412389636,1385
1072,0.10000000149011612,0.27550000412389636,1385
1073,0.6000000089406967,0.28050000419840215,1385
1074,0.09000000171363354,0.2814000042155385,1385
1075,0.4000000059604645,0.28540000427514317,1385
1076,0.10000000149011612,0.28540000427514317,1385
1077,0.800000011920929,0.29340000439435243,1385
1078,0.10000000149011612,0.2944000044092536,1385
1079,0.10000000149011612,0.29540000442415476,1385
1080,0.5000000074505806,0.30040000449866056,1385
1081,0.10000000149011612,0.30040000449866056,1385
1082,0.5000000074505806,0.30540000457316635,1385
1083,0.10000000149011612,0.3044000045582652,1385
1084,0.10000000149011612,0.3044000045582652,1385
1085,0.7000000104308128,0.3104000046476722,1385
1086,0.30000000447034836,0.3124000046774745,1385
1087,0.10000000149011612,0.3124000046774745,1385
1088,0.19000000320374966,0.31430000470951197,1385
1089,0.5000000074505806,0.31830000476911663,1385
1090,0.10000000149011612,0.31830000476911663,1385
1091,0.0,0.3173000047542155,1385
1092,0.10000000149011612,0.31830000476911663,1385
1093,0.09000000171363354,0.3182000047713518,1385
1094,0.10000000149011612,0.3182000047713518,1385
1095,0.20000000298023224,0.319200004786253,1385
1096,0.5000000074505806,0.3242000048607588,1385
1097,0.4000000059604645,0.32820000492036344,1385
1098,0.20000000298023224,0.32820000492036344,1385
1099,0.10000000149011612,0.3212000048160553,1385
1100,0.4000000059604645,0.3112000046670437,1385
1101,0.10000000149011612,0.30420000456273555,1385
1102,0.10000000149011612,0.30420000456273555,1385
1103,0.10000000149011612,0.30420000456273555,1385
1104,0.10000000149011612,0.30420000456273555,1385
1105,0.09000000171363354,0.3041000045649707,1385
1106,0.10000000149011612,0.3001000045053661,1385
1107,0.30000000447034836,0.2991000044904649,1385
1108,1.0000000149011612,0.3081000046245754,1385
1109,0.0,0.30710000460967424,1385
1110,0.10000000149011612,0.30710000460967424,1385
1111,0.10000000149011612,0.3051000045798719,1385
1112,0.10000000149011612,0.3051000045798719,1385
1113,0.0,0.3031000045500696,1385
1114,0.10000000149011612,0.3031000045500696,1385
1115,0.10000000149011612,0.3031000045500696,1385
1116,0.10000000149011612,0.2941000044159591,1385
1117,0.2900000046938658,0.29300000440329316,1385
1118,0.20000000298023224,0.2940000044181943,1385
1119,0.0,0.29200000438839196,1385
1120,0.10000000149011612,0.286000004298985,1385
1121,0.30000000447034836,0.2880000043287873,1385
1122,0.10000000149011612,0.2880000043287873,1385
1123,0.09000000171363354,0.28690000431612134,1385
1124,0.10000000149011612,0.28690000431612134,1385
1125,0.09000000171363354,0.2868000043183565,1385
1126,0.10000000149011612,0.2798000042140484,1385
1127,0.20000000298023224,0.26780000403523446,1385
1128,0.09000000171363354,0.26770000403746963,1385
1129,0.10000000149011612,0.26770000403746963,1385
1130,0.10000000149011612,0.26770000403746963,1385
1131,0.10000000149011612,0.2597000039182603,1385
1132,0.6000000089406967,0.26480000399053094,1385
1133,0.09000000171363354,0.26470000399276616,1385
1134,0.09000000171363354,0.256600003875792,1385
1135,0.09000000171363354,0.2556000038608909,1385
1136,0.10000000149011612,0.2556000038608909,1385
1137,0.10000000149011612,0.24360000368207693,1385
1138,0.09000000171363354,0.23160000350326299,1385
1139,0.10000000149011612,0.22270000336691737,1385
1140,0.10000000149011612,0.22270000336691737,1385
1141,0.0,0.22270000336691737,1385
1142,0.10000000149011612,0.22270000336691737,1385
1143,0.10000000149011612,0.2217000033520162,1385
1144,0.10000000149011612,0.21870000330731273,1385
1145,0.0,0.20970000317320228,1385
1146,0.0,0.20570000311359762,1385
1147,0.0,0.20470000309869646,1385
1148,0.0,0.20370000308379532,1385
1149,0.0,0.20070000303909183,1385
1150,0.10000000149011612,0.1987000030092895,1385
1151,0.09000000171363354,0.1976000029966235,1385
1152,0.20000000298023224,0.19860000301152467,1385
1153,0.10000000149011612,0.19860000301152467,1385
1154,0.4000000059604645,0.20160000305622816,1385
1155,0.10000000149011612,0.20160000305622816,1385
1156,0.10000000149011612,0.200600003041327,1385
1157,0.10000000149011612,0.19770000299438834,1385
1158,0.0,0.18770000284537672,1385
1159,0.800000011920929,0.19270000291988254,1385
1160,0.10000000149011612,0.19270000291988254,1385
1161,0.10000000149011612,0.18270000277087092,1385
1162,0.10000000149011612,0.18270000277087092,1385
1163,0.20000000298023224,0.1837000027857721,1385
1164,0.10000000149011612,0.1837000027857721,1385
1165,0.09000000171363354,0.18160000275820493,1385
1166,0.20000000298023224,0.1806000027433038,1385
1167,0.10000000149011612,0.17660000268369913,1385
1168,0.09000000171363354,0.17550000267103313,1385
1169,0.10000000149011612,0.17550000267103313,1385
1170,0.10000000149011612,0.17550000267103313,1385
1171,0.09000000171363354,0.1704000025987625,1385
1172,0.10000000149011612,0.1704000025987625,1385
1173,0.10000000149011612,0.1654000025242567,1385
1174,0.10000000149011612,0.16550000252202154,1385
1175,0.10000000149011612,0.16250000247731805,1385
1176,0.10000000149011612,0.16250000247731805,1385
1177,0.09000000171363354,0.1554000023752451,1385
1178,0.10000000149011612,0.1554000023752451,1385
1179,0.10000000149011612,0.1554000023752451,1385
1180,0.10000000149011612,0.15140000231564044,1385
1181,0.10000000149011612,0.15140000231564044,1385
1182,0.10000000149011612,0.1474000022560358,1385
1183,0.09000000171363354,0.14730000225827097,1385
1184,0.09000000171363354,0.14720000226050614,1385
1185,0.10000000149011612,0.14120000217109918,1385
1186,0.09000000171363354,0.13910000214353205,1385
1187,0.20000000298023224,0.1401000021584332,1385
1188,0.10000000149011612,0.13920000214129685,1385
1189,0.20000000298023224,0.1362000020965934,1385
1190,0.10000000149011612,0.1362000020965934,1385
1191,0.10000000149011612,0.13720000211149455,1385
1192,0.10000000149011612,0.13720000211149455,1385
1193,0.10000000149011612,0.13730000210925936,1385
1194,0.09000000171363354,0.13720000211149455,1385
1195,0.20000000298023224,0.13720000211149455,1385
1196,0.10000000149011612,0.1332000020518899,1385
1197,0.10000000149011612,0.1302000020071864,1385
1198,0.09000000171363354,0.12910000199452043,1385
1199,0.0,0.12810000197961927,1385
1200,0.09000000171363354,0.12500000193715097,1385
1201,0.09000000171363354,0.12490000193938613,1385
1202,0.10000000149011612,0.12490000193938613,1385
1203,0.10000000149011612,0.12490000193938613,1385
1204,0.0,0.12390000192448497,1385
1205,0.6000000089406967,0.1290000019967556,1385
1206,0.10000000149011612,0.1290000019967556,1385
1207,0.10000000149011612,0.12700000196695327,1385
1208,0.0,0.11700000181794167,1385
1209,0.0,0.11700000181794167,1385
1210,0.0,0.1160000018030405,1385
1211,0.0,0.11500000178813935,1385
1212,0.0,0.11400000177323819,1385
1213,0.0,0.11400000177323819,1385
1214,0.10000000149011612,0.11400000177323819,1385
1215,0.20000000298023224,0.11500000178813935,1385
1216,0.3900000061839819,0.117900001835078,1385
1217,0.10000000149011612,0.1160000018030405,1385
1218,0.10000000149011612,0.11500000178813935,1385
1219,0.10000000149011612,0.1160000018030405,1385
1220,0.20000000298023224,0.11700000181794167,1385
1221,0.20000000298023224,0.1160000018030405,1385
1222,0.20000000298023224,0.11700000181794167,1385
1223,0.19000000320374966,0.11800000183284283,1385
1224,0.10000000149011612,0.11800000183284283,1385
1225,0.0,0.1171000018157065,1385
1226,0.10000000149011612,0.1171000018157065,1385
1227,0.10000000149011612,0.11610000180080533,1385
1228,0.10000000149011612,0.11620000179857015,1385
1229,0.19000000320374966,0.1171000018157065,1385
1230,0.9000000134110451,0.12510000193491577,1385
1231,0.30000000447034836,0.1271000019647181,1385
1232,0.20000000298023224,0.12310000190511346,1385
1233,0.19000000320374966,0.12410000192001462,1385
1234,0.0,0.12320000190287829,1385
1235,0.10000000149011612,0.12330000190064311,1385
1236,0.10000000149011612,0.12330000190064311,1385
1237,1.0000000149011612,0.13230000203475356,1385
1238,0.10000000149011612,0.1324000020325184,1385
1239,0.10000000149011612,0.1324000020325184,1385
1240,0.10000000149011612,0.1324000020325184,1385
1241,0.10000000149011612,0.13340000204741956,1385
1242,0.20000000298023224,0.13440000206232072,1385
1243,0.20000000298023224,0.13540000207722186,1385
1244,0.7000000104308128,0.14140000216662885,1385
1245,0.30000000447034836,0.1444000022113323,1385
1246,0.10000000149011612,0.14540000222623348,1385
1247,0.10000000149011612,0.14640000224113464,1385
1248,0.10000000149011612,0.1474000022560358,1385
1249,0.10000000149011612,0.14840000227093697,1385
1250,0.10000000149011612,0.14840000227093697,1385
1251,0.10000000149011612,0.1485000022687018,1385
1252,0.10000000149011612,0.14750000225380064,1385
1253,0.10000000149011612,0.14750000225380064,1385
1254,0.10000000149011612,0.14450000220909714,1385
1255,0.0,0.14350000219419598,1385
1256,0.10000000149011612,0.14350000219419598,1385
1257,0.4000000059604645,0.14650000223889947,1385
1258,0.10000000149011612,0.14750000225380064,1385
1259,0.10000000149011612,0.14050000214949251,1385
1260,0.30000000447034836,0.14250000217929482,1385
1261,0.10000000149011612,0.14250000217929482,1385
1262,0.10000000149011612,0.14250000217929482,1385
1263,0.10000000149011612,0.14150000216439365,1385
1264,0.10000000149011612,0.14150000216439365,1385
1265,0.20000000298023224,0.14260000217705965,1385
1266,1.1000000163912773,0.1516000023111701,1385
1267,0.6000000089406967,0.1566000023856759,1385
1268,0.6000000089406967,0.16170000245794655,1385
1269,0.10000000149011612,0.16170000245794655,1385
1270,0.10000000149011612,0.16170000245794655,1385
1271,2.2000000327825546,0.18280000276863576,1385
1272,0.10000000149011612,0.18280000276863576,1385
1273,0.5000000074505806,0.18680000282824039,1385
1274,0.6900000125169754,0.19270000293850897,1385
1275,0.20000000298023224,0.19370000295341014,1385
1276,0.5000000074505806,0.1977000030130148,1385
1277,0.3900000061839819,0.2007000030577183,1385
1278,1.2000000178813934,0.21170000322163104,1385
1279,0.20000000298023224,0.2127000032365322,1385
1280,0.10000000149011612,0.2127000032365322,1385
1281,0.30000000447034836,0.21470000326633454,1385
1282,0.20000000298023224,0.2157000032812357,1385
1283,0.30000000447034836,0.21780000330880284,1385
1284,0.10000000149011612,0.21790000330656767,1385
1285,0.0,0.2169000032916665,1385
1286,0.10000000149011612,0.21700000328943134,1385
1287,0.4000000059604645,0.21900000331923367,1385
1288,0.10000000149011612,0.21900000331923367,1385
1289,0.20000000298023224,0.21900000331923367,1385
1290,0.20000000298023224,0.22000000333413483,1385
1291,0.0,0.21900000331923367,1385
1292,0.20000000298023224,0.22000000333413483,1385
1293,0.0,0.21900000331923367,1385
1294,0.20000000298023224,0.22010000333189964,1385
1295,0.0,0.21810000330209733,1385
1296,1.0900000166147947,0.22800000345334412,1385
1297,0.0,0.22700000343844295,1385
1298,0.0,0.22610000342130662,1385
1299,0.0,0.22610000342130662,1385
1300,0.10000000149011612,0.22620000341907143,1385
1301,0.10000000149011612,0.22630000341683626,1385
1302,0.0,0.2253000034019351,1385
1303,0.10000000149011612,0.2253000034019351,1385
1304,0.0,0.2253000034019351,1385
1305,0.0,0.21930000331252814,1385
1306,0.0,0.21830000329762697,1385
1307,0.0,0.2173000032827258,1385
1308,0.5000000074505806,0.22230000335723163,1385
1309,0.0,0.22230000335723163,1385
1310,0.10000000149011612,0.22330000337213277,1385
1311,0.0,0.22330000337213277,1385
1312,0.0,0.22330000337213277,1385
1313,0.10000000149011612,0.22430000338703393,1385
1314,0.8900000136345625,0.23220000350847841,1385
1315,2.600000038743019,0.25620000386610625,1385
1316,0.20000000298023224,0.25430000383406876,1385
1317,0.7000000104308128,0.26030000392347574,1385
1318,0.20000000298023224,0.2613000039383769,1385
1319,0.10000000149011612,0.2613000039383769,1385
1320,0.6000000089406967,0.26530000399798154,1385
1321,0.10000000149011612,0.2643000039830804,1385
1322,0.6000000089406967,0.26830000404268506,1385
1323,0.10000000149011612,0.2674000040255487,1385
1324,0.30000000447034836,0.26940000405535103,1385
1325,1.1000000163912773,0.2804000042192638,1385
1326,0.7000000104308128,0.28640000430867074,1385
1327,1.1000000163912773,0.2964000044576824,1385
1328,0.10000000149011612,0.2964000044576824,1385
1329,1.0000000149011612,0.3045000045746565,1385
1330,0.30000000447034836,0.2985000044852495,1385
1331,0.30000000447034836,0.2985000044852495,1385
1332,0.30000000447034836,0.2995000045001507,1385
1333,0.30000000447034836,0.30060000451281665,1385
1334,0.10000000149011612,0.30160000452771785,1385
1335,0.5000000074505806,0.30560000458732245,1385
1336,0.10000000149011612,0.30560000458732245,1385
1337,2.600000038743019,0.321600004825741,1385
1338,0.9000000134110451,0.32960000494495034,1385
1339,2.500000037252903,0.35360000530257824,1385
1340,0.09000000171363354,0.3535000053048134,1385
1341,0.7000000104308128,0.35950000539422033,1385
1342,0.7000000104308128,0.3645000054687262,1385
1343,0.7000000104308128,0.369500005543232,1385
1344,1.2000000178813934,0.3745000056177378,1385
1345,0.7000000104308128,0.37850000567734243,1385
1346,1.0000000149011612,0.3875000058114529,1385
1347,0.20000000298023224,0.388500005826354,1385
1348,0.6000000089406967,0.3935000059008598,1385
1349,0.0,0.3925000058859587,1385
1350,0.20000000298023224,0.3935000059008598,1385
1351,0.20000000298023224,0.394500005915761,1385
1352,0.4000000059604645,0.3975000059604645,1385
1353,0.5000000074505806,0.40150000602006913,1385
1354,0.5000000074505806,0.4055000060796738,1385
1355,0.20000000298023224,0.40750000610947607,1385
1356,0.20000000298023224,0.40850000612437726,1385
1357,0.0,0.4045000060647726,1385
1358,2.1000000312924385,0.42450000636279583,1385
1359,0.20000000298023224,0.42550000637769697,1385
1360,0.20000000298023224,0.42450000636279583,1385
1361,1.1000000163912773,0.4345000065118074,1385
1362,0.30000000447034836,0.43650000654160975,1385
1363,0.6000000089406967,0.44150000661611555,1385
1364,0.7900000121444464,0.4484000067226589,1385
1365,0.7000000104308128,0.4534000067971647,1385
1366,0.10000000149011612,0.44340000664815304,1385
1367,0.10000000149011612,0.43840000657364725,1385
1368,0.800000011920929,0.4404000066034496,1385
1369,1.3000000193715096,0.4524000067822635,1385
1370,0.30000000447034836,0.4544000068120658,1385
1371,0.20000000298023224,0.4344000065140426,1385
1372,0.0,0.43340000649914145,1385
1373,2.600000038743019,0.4544000068120658,1385
1374,0.0,0.4475000066868961,1385
1375,2.1000000312924385,0.46650000697001814,1385
1376,0.5000000074505806,0.46650000697001814,1385
1377,0.10000000149011612,0.4636000069230795,1385
1378,0.10000000149011612,0.45260000675916673,1385
1379,0.20000000298023224,0.45260000675916673,1385
1380,1.8000000268220901,0.46960000701248644,1385
1381,0.10000000149011612,0.4676000069826841,1385
1382,2.2000000327825546,0.48760000728070735,1385
1383,0.20000000298023224,0.4866000072658062,1385
1384,1.1000000163912773,0.4966000074148178,1385
1385,2.600000038743019,0.522600007802248,1385
1386,0.10000000149011612,0.522600007802248,1385
1387,0.10000000149011612,0.5196000077575446,1385
1388,0.20000000298023224,0.5206000077724456,1385
1389,0.20000000298023224,0.5206000077724456,1385
1390,0.10000000149011612,0.5196000077575446,1385
1391,2.600000038743019,0.5456000081449747,1385
1392,2.600000038743019,0.5696000085026026,1385
1393,0.9000000134110451,0.578600008636713,1385
1394,0.7000000104308128,0.5836000087112189,1385
1395,0.10000000149011612,0.58460000872612,1385
1396,0.09000000171363354,0.5746000085771084,1385
1397,0.09000000171363354,0.5755000085942448,1385
1398,0.20000000298023224,0.577500008624047,1385
1399,0.7000000104308128,0.5845000087283552,1385
1400,0.09000000171363354,0.5844000087305904,1385
1401,0.20000000298023224,0.5854000087454915,1385
1402,0.09000000171363354,0.5863000087626279,1385
1403,0.5000000074505806,0.5903000088222324,1385
1404,0.30000000447034836,0.593300008866936,1385
1405,0.0,0.593300008866936,1385
1406,2.0000000298023224,0.6133000091649592,1385
1407,0.10000000149011612,0.6143000091798604,1385
1408,0.800000011920929,0.6173000092245639,1385
1409,0.5000000074505806,0.6223000092990696,1385
1410,2.600000038743019,0.6473000096715986,1385
1411,0.4000000059604645,0.6513000097312033,1385
1412,0.20000000298023224,0.6533000097610057,1385
1413,0.10000000149011612,0.6533000097610057,1385
1414,0.10000000149011612,0.6454000096395611,1385
1415,1.4000000208616257,0.6334000094607473,1385
1416,1.0000000149011612,0.6414000095799566,1385
1417,0.4000000059604645,0.638400009535253,1385
1418,1.700000025331974,0.6534000097587704,1385
1419,0.5000000074505806,0.6574000098183751,1385
1420,0.5000000074505806,0.6564000098034739,1385
1421,0.5000000074505806,0.6604000098630786,1385
1422,1.0000000149011612,0.6644000099226832,1385
1423,1.5000000223517418,0.6784000101312995,1385
1424,0.0,0.675400010086596,1385
1425,0.10000000149011612,0.6654000099375844,1385
1426,0.10000000149011612,0.6594000098481775,1385
1427,1.2000000178813934,0.6604000098630786,1385
1428,1.4000000208616257,0.6734000100567937,1385
1429,0.09000000171363354,0.6643000099249184,1385
1430,0.09000000171363354,0.6622000098973513,1385
1431,0.09000000171363354,0.6601000098697841,1385
1432,0.09000000171363354,0.658000009842217,1385
1433,1.2000000178813934,0.6670000099763275,1385
1434,0.0,0.6660000099614263,1385
1435,0.6000000089406967,0.6670000099763275,1385
1436,1.4000000208616257,0.6800000101700425,1385
1437,0.9000000134110451,0.6630000099167228,1385
1438,0.20000000298023224,0.6560000098124147,1385
1439,0.6000000089406967,0.6370000095292926,1385
1440,0.490000007674098,0.6410000095888972,1385
1441,0.09000000171363354,0.6349000095017254,1385
1442,0.20000000298023224,0.6299000094272196,1385
1443,0.5000000074505806,0.6279000093974173,1385
1444,1.2000000178813934,0.6279000093974173,1385
1445,0.10000000149011612,0.6219000093080104,1385
1446,0.20000000298023224,0.613900009188801,1385
1447,0.4000000059604645,0.6159000092186033,1385
1448,0.6000000089406967,0.6159000092186033,1385
1449,0.09000000171363354,0.6168000092357397,1385
1450,0.8900000154972076,0.6237000093609094,1385
1451,0.4000000059604645,0.6257000093907118,1385
1452,0.09000000171363354,0.6226000093482434,1385
1453,0.20000000298023224,0.61960000930354,1385
1454,0.6000000089406967,0.6206000093184412,1385
1455,0.4000000059604645,0.6226000093482434,1385
1456,0.6000000089406967,0.6266000094078481,1385
1457,0.800000011920929,0.6346000095270574,1385
1458,0.4000000059604645,0.6176000092737377,1385
1459,0.10000000149011612,0.6166000092588365,1385
1460,0.4000000059604645,0.6186000092886388,1385
1461,0.9000000134110451,0.6166000092588365,1385
1462,0.4000000059604645,0.6176000092737377,1385
1463,0.9000000134110451,0.6206000093184412,1385
1464,1.8000000268220901,0.6307000094652175,1385
1465,0.5000000074505806,0.6287000094354153,1385
1466,0.10000000149011612,0.6287000094354153,1385
1467,0.10000000149011612,0.6287000094354153,1385
1468,0.9000000134110451,0.6297000094503165,1385
1469,0.30000000447034836,0.6197000093013049,1385
1470,0.7000000104308128,0.6237000093609094,1385
1471,0.30000000447034836,0.6247000093758106,1385
1472,0.20000000298023224,0.626700009405613,1385
1473,0.10000000149011612,0.601700009033084,1385
1474,0.4000000059604645,0.6057000090926885,1385
1475,0.20000000298023224,0.5867000088095665,1385
1476,0.10000000149011612,0.5827000087499619,1385
1477,0.30000000447034836,0.5847000087797641,1385
1478,0.10000000149011612,0.5847000087797641,1385
1479,1.0000000149011612,0.5927000088989735,1385
1480,0.800000011920929,0.5827000087499619,1385
1481,0.7000000104308128,0.5887000088393688,1385
1482,0.20000000298023224,0.5687000085413456,1385
1483,0.800000011920929,0.5747000086307525,1385
1484,0.10000000149011612,0.564700008481741,1385
1485,1.0000000149011612,0.5487000082433223,1385
1486,0.6000000089406967,0.5537000083178282,1385
1487,0.10000000149011612,0.5537000083178282,1385
1488,0.4000000059604645,0.5557000083476304,1385
1489,0.10000000149011612,0.5547000083327294,1385
1490,0.30000000447034836,0.5567000083625316,1385
1491,0.30000000447034836,0.533700008019805,1385
1492,0.5000000074505806,0.5127000077068806,1385
1493,0.9000000134110451,0.5127000077068806,1385
1494,0.800000011920929,0.5137000077217817,1385
1495,1.0000000149011612,0.5227000078558922,1385
1496,0.7000000104308128,0.5288000079430639,1385
1497,0.10000000149011612,0.5289000079408288,1385
1498,0.2900000046938658,0.5298000079579651,1385
1499,0.5000000074505806,0.5278000079281628,1385
1500,0.9000000134110451,0.5359000080451369,1385
1501,0.10000000149011612,0.5349000080302357,1385
1502,0.800000011920929,0.5420000081323088,1385
1503,0.10000000149011612,0.5380000080727041,1385
1504,0.10000000149011612,0.5360000080429017,1385
1505,0.20000000298023224,0.5380000080727041,1385
1506,1.1000000163912773,0.5290000079385936,1385
1507,2.600000038743019,0.5540000083111226,1385
1508,1.8000000268220901,0.5640000084601343,1385
1509,2.600000038743019,0.5850000087730587,1385
1510,0.10000000149011612,0.5600000084005297,1385
1511,0.30000000447034836,0.5590000083856285,1385
1512,0.7000000104308128,0.5640000084601343,1385
1513,0.0,0.5630000084452331,1385
1514,2.600000038743019,0.5880000088177622,1385
1515,0.10000000149011612,0.575000008624047,1385
1516,1.5000000223517418,0.5800000086985528,1385
1517,0.30000000447034836,0.5790000086836516,1385
1518,0.0,0.5620000084303319,1385
1519,0.0,0.5570000083558262,1385
1520,0.0,0.5520000082813203,1385
1521,0.0,0.5470000082068145,1385
1522,0.10000000149011612,0.5380000080727041,1385
1523,0.0,0.5230000078491867,1385
1524,0.0,0.5230000078491867,1385
1525,0.4000000059604645,0.5260000078938901,1385
1526,0.6000000089406967,0.531000007968396,1385
1527,0.9000000134110451,0.5280000079236925,1385
1528,0.10000000149011612,0.5150000077299773,1385
1529,0.09000000171363354,0.5150000077299773,1385
1530,0.09000000171363354,0.5150000077299773,1385
1531,0.20000000298023224,0.5161000077426433,1385
1532,0.10000000149011612,0.5162000077404082,1385
1533,1.3000000193715096,0.5172000077553094,1385
1534,0.7900000121444464,0.5251000078767538,1385
1535,0.7000000104308128,0.526100007891655,1385
1536,0.20000000298023224,0.514100007712841,1385
1537,0.4000000059604645,0.5091000076383352,1385
1538,0.6000000089406967,0.5131000076979398,1385
1539,0.5000000074505806,0.5121000076830388,1385
1540,1.9000000283122063,0.5262000078894198,1385
1541,0.10000000149011612,0.5263000078871847,1385
1542,0.0,0.5243000078573823,1385
1543,0.5000000074505806,0.5243000078573823,1385
1544,0.0,0.5123000076785683,1385
1545,0.10000000149011612,0.5123000076785683,1385
1546,0.30000000447034836,0.5133000076934695,1385
1547,0.10000000149011612,0.510300007648766,1385
1548,0.30000000447034836,0.5073000076040626,1385
1549,0.20000000298023224,0.5084000076167285,1385
1550,0.5000000074505806,0.5045000075362622,1385
1551,0.20000000298023224,0.50250000750646,1385
1552,0.4000000059604645,0.5056000075489283,1385
1553,0.30000000447034836,0.5066000075638294,1385
1554,0.5000000074505806,0.5056000075489283,1385
1555,1.0000000149011612,0.5116000076383352,1385
1556,1.1000000163912773,0.516600007712841,1385
1557,0.7000000104308128,0.5156000076979399,1385
1558,0.20000000298023224,0.5136000076681375,1385
1559,0.9000000134110451,0.5216000077873468,1385
1560,2.600000038743019,0.5436000081151724,1385
1561,1.5000000223517418,0.5496000082045793,1385
1562,2.600000038743019,0.5716000085324049,1385
1563,2.7000000402331352,0.5896000088006258,1385
1564,2.0000000298023224,0.5916000088304281,1385
1565,0.4000000059604645,0.590600008815527,1385
1566,0.10000000149011612,0.590600008815527,1385
1567,0.10000000149011612,0.590600008815527,1385
1568,1.1000000163912773,0.5926000088453293,1385
1569,0.30000000447034836,0.5926000088453293,1385
1570,2.600000038743019,0.6116000091284514,1385
1571,0.7000000104308128,0.615600009188056,1385
1572,0.20000000298023224,0.615600009188056,1385
1573,0.20000000298023224,0.6166000092029571,1385
1574,0.30000000447034836,0.615600009188056,1385
1575,0.10000000149011612,0.6146000091731548,1385
1576,0.10000000149011612,0.6146000091731548,1385
1577,0.20000000298023224,0.6136000091582536,1385
1578,0.800000011920929,0.6206000092625618,1385
1579,1.0000000149011612,0.6206000092625618,1385
1580,0.5000000074505806,0.6176000092178583,1385
1581,0.9000000134110451,0.6196000092476607,1385
1582,0.9000000134110451,0.6266000093519688,1385
1583,0.4000000059604645,0.6226000092923641,1385
1584,0.9000000134110451,0.6306000094115735,1385
1585,0.30000000447034836,0.6236000093072653,1385
1586,0.800000011920929,0.6256000093370676,1385
1587,0.10000000149011612,0.6256000093370676,1385
1588,0.30000000447034836,0.6246000093221664,1385
1589,0.4000000059604645,0.6276000093668699,1385
1590,0.6000000089406967,0.6306000094115735,1385
1591,0.5000000074505806,0.6326000094413757,1385
1592,0.30000000447034836,0.6306000094115735,1385
1593,0.4000000059604645,0.6256000093370676,1385
1594,0.30000000447034836,0.6206000092625618,1385
1595,1.700000025331974,0.6276000093668699,1385
1596,0.30000000447034836,0.6236000093072653,1385
1597,0.20000000298023224,0.6246000093221664,1385
1598,1.2000000178813934,0.6337000094540417,1385
1599,0.10000000149011612,0.629700009394437,1385
1600,0.20000000298023224,0.6227000092901289,1385
1601,0.20000000298023224,0.6237000093050301,1385
1602,0.10000000149011612,0.616700009200722,1385
1603,0.0,0.6157000091858208,1385
1604,2.400000035762787,0.6387000095285476,1385
1605,1.9000000283122063,0.6557000097818673,1385
1606,1.8000000268220901,0.6627000098861754,1385
1607,1.1000000163912773,0.647700009662658,1385
1608,2.600000038743019,0.6557000097818673,1385
1609,2.600000038743019,0.6557000097818673,1385
1610,0.7000000104308128,0.6617000098712742,1385
1611,0.10000000149011612,0.6597000098414719,1385
1612,2.600000038743019,0.678700010124594,1385
1613,1.0000000149011612,0.6887000102736056,1385
1614,0.30000000447034836,0.6657000099308789,1385
1615,0.30000000447034836,0.6677000099606812,1385
1616,2.600000038743019,0.678700010124594,1385
1617,0.0,0.6757000100798904,1385
1618,2.600000038743019,0.7017000104673207,1385
1619,1.8000000268220901,0.7197000107355416,1385
1620,0.10000000149011612,0.7207000107504428,1385
1621,0.10000000149011612,0.721700010765344,1385
1622,0.10000000149011612,0.721700010765344,1385
1623,0.4000000059604645,0.7257000108249485,1385
1624,0.09000000171363354,0.7266000108420849,1385
1625,0.7000000104308128,0.7296000108867884,1385
1626,0.30000000447034836,0.7266000108420849,1385
1627,0.10000000149011612,0.7186000107228756,1385
1628,0.10000000149011612,0.7186000107228756,1385
1629,1.5000000223517418,0.7327000109292566,1385
1630,0.10000000149011612,0.7328000109270215,1385
1631,0.30000000447034836,0.7338000109419227,1385
1632,0.10000000149011612,0.7338000109419227,1385
1633,0.5000000074505806,0.7258000108227134,1385
1634,0.4000000059604645,0.7219000107608735,1385
1635,1.3000000193715096,0.7279000108502806,1385
1636,0.10000000149011612,0.7269000108353794,1385
1637,2.600000038743019,0.7489000111632049,1385
1638,1.390000021085143,0.7568000112846494,1385
1639,0.30000000447034836,0.7548000112548471,1385
1640,0.19000000320374966,0.7377000110037625,1385
1641,0.10000000149011612,0.7377000110037625,1385
1642,0.30000000447034836,0.740700011048466,1385
1643,0.800000011920929,0.7437000110931694,1385
1644,0.30000000447034836,0.746700011137873,1385
1645,0.09000000171363354,0.7466000111401081,1385
1646,0.20000000298023224,0.7456000111252069,1385
1647,1.1000000163912773,0.7556000112742186,1385
1648,0.20000000298023224,0.7546000112593174,1385
1649,1.0000000149011612,0.7626000113785267,1385
1650,0.20000000298023224,0.7596000113338232,1385
1651,0.09000000171363354,0.7585000113211572,1385
1652,0.4000000059604645,0.7585000113211572,1385
1653,0.10000000149011612,0.7565000112913549,1385
1654,0.6000000089406967,0.7575000113062561,1385
1655,0.10000000149011612,0.7485000111721456,1385
1656,0.10000000149011612,0.738500011023134,1385
1657,0.800000011920929,0.7395000110380352,1385
1658,0.6000000089406967,0.7435000110976397,1385
1659,0.5000000074505806,0.7395000110380352,1385
1660,0.5000000074505806,0.7185000107251107,1385
1661,0.20000000298023224,0.7055000105313957,1385
1662,0.20000000298023224,0.6815000101737678,1385
1663,0.30000000447034836,0.65750000981614,1385
1664,0.800000011920929,0.645500009637326,1385
1665,0.5000000074505806,0.6465000096522272,1385
1666,0.10000000149011612,0.6465000096522272,1385
1667,0.6000000089406967,0.6515000097267329,1385
1668,0.2900000046938658,0.6434000096097588,1385
1669,1.600000023841858,0.6564000098034739,1385
1670,0.7000000104308128,0.6374000095203519,1385
1671,0.20000000298023224,0.6324000094458461,1385
1672,2.600000038743019,0.6564000098034739,1385
1673,0.30000000447034836,0.6574000098183751,1385
1674,2.1000000312924385,0.675400010086596,1385
1675,1.4000000208616257,0.6884000102803111,1385
1676,1.3000000193715096,0.700400010459125,1385
1677,0.10000000149011612,0.6994000104442238,1385
1678,1.700000025331974,0.7084000105783343,1385
1679,0.7000000104308128,0.7054000105336309,1385
1680,0.20000000298023224,0.7024000104889274,1385
1681,0.10000000149011612,0.6944000103697181,1385
1682,0.5000000074505806,0.6904000103101134,1385
1683,0.10000000149011612,0.68740001026541,1385
1684,0.19000000320374966,0.680300010163337,1385
1685,0.30000000447034836,0.680300010163337,1385
1686,1.1000000163912773,0.6833000102080404,1385
1687,0.7000000104308128,0.6893000102974475,1385
1688,0.20000000298023224,0.6883000102825463,1385
1689,0.5000000074505806,0.6893000102974475,1385
1690,0.4000000059604645,0.6873000102676451,1385
1691,0.10000000149011612,0.6833000102080404,1385
1692,0.20000000298023224,0.6823000101931394,1385
1693,0.30000000447034836,0.6813000101782382,1385
1694,0.10000000149011612,0.6793000101484359,1385
1695,0.20000000298023224,0.6643000099249184,1385
1696,0.10000000149011612,0.6623000098951161,1385
1697,0.4000000059604645,0.6643000099249184,1385
1698,0.20000000298023224,0.6543000097759069,1385
1699,1.0000000149011612,0.6633000099100173,1385
1700,0.30000000447034836,0.6643000099249184,1385
1701,0.6000000089406967,0.6683000099845231,1385
1702,0.4000000059604645,0.6713000100292266,1385
1703,0.10000000149011612,0.6723000100441276,1385
1704,0.30000000447034836,0.6513000097312033,1385
1705,0.5000000074505806,0.637300009522587,1385
1706,1.1000000163912773,0.6303000094182789,1385
1707,2.600000038743019,0.6453000096417963,1385
1708,2.600000038743019,0.6453000096417963,1385
1709,1.8000000268220901,0.637300009522587,1385
1710,0.9000000134110451,0.6393000095523894,1385
1711,2.600000038743019,0.6643000099249184,1385
1712,0.10000000149011612,0.6393000095523894,1385
1713,0.4000000059604645,0.6333000094629824,1385
1714,0.09000000171363354,0.6312000094354153,1385
1715,2.600000038743019,0.654200009778142,1385
1716,0.10000000149011612,0.6292000094056129,1385
1717,0.0,0.6292000094056129,1385
1718,0.20000000298023224,0.6052000090479851,1385
1719,0.0,0.5872000087797642,1385
1720,0.4000000059604645,0.5902000088244677,1385
1721,2.600000038743019,0.6152000091969967,1385
1722,0.10000000149011612,0.6152000091969967,1385
1723,2.0000000298023224,0.6312000094354153,1385
1724,0.19000000320374966,0.6322000094503164,1385
1725,0.10000000149011612,0.6262000093609095,1385
1726,1.290000019595027,0.6361000095121563,1385
1727,0.30000000447034836,0.6381000095419586,1385
1728,1.8900000285357237,0.6560000098124147,1385
1729,0.6000000089406967,0.6470000096783042,1385
1730,0.10000000149011612,0.6470000096783042,1385
1731,2.2000000327825546,0.6660000099614263,1385
1732,0.9000000134110451,0.6740000100806356,1385
1733,0.5000000074505806,0.6740000100806356,1385
1734,0.10000000149011612,0.671000010035932,1385
1735,0.10000000149011612,0.6590000098571182,1385
1736,1.8000000268220901,0.6760000101104379,1385
1737,0.6000000089406967,0.6560000098124147,1385
1738,0.5000000074505806,0.6471000096760691,1385
1739,0.20000000298023224,0.6461000096611679,1385
1740,1.9000000283122063,0.6632000099122525,1385
1741,2.2000000327825546,0.6842000102251768,1385
1742,0.6000000089406967,0.6872000102698803,1385
1743,1.3000000193715096,0.692200010344386,1385
1744,0.800000011920929,0.6972000104188919,1385
1745,0.30000000447034836,0.6993000104464591,1385
1746,0.10000000149011612,0.6983000104315579,1385
1747,1.600000023841858,0.7033000105060637,1385
1748,0.6000000089406967,0.7073000105656684,1385
1749,0.10000000149011612,0.6983000104315579,1385
1750,0.30000000447034836,0.6993000104464591,1385
1751,0.20000000298023224,0.700400010459125,1385
1752,0.10000000149011612,0.6974000104144216,1385
1753,0.30000000447034836,0.6994000104442238,1385
1754,0.30000000447034836,0.6964000103995204,1385
1755,0.20000000298023224,0.6974000104144216,1385
1756,0.10000000149011612,0.6974000104144216,1385
1757,0.5000000074505806,0.6944000103697181,1385
1758,0.10000000149011612,0.6894000102952123,1385
1759,0.20000000298023224,0.6864000102505088,1385
1760,0.20000000298023224,0.6834000102058053,1385
1761,0.4000000059604645,0.6854000102356076,1385
1762,0.10000000149011612,0.6844000102207065,1385
1763,0.5000000074505806,0.6864000102505088,1385
1764,0.10000000149011612,0.6794000101462007,1385
1765,0.10000000149011612,0.675400010086596,1385
1766,0.30000000447034836,0.6774000101163984,1385
1767,0.10000000149011612,0.6724000100418925,1385
1768,0.10000000149011612,0.670500010009855,1385
1769,0.3900000061839819,0.6584000098332763,1385
1770,0.10000000149011612,0.6524000097438694,1385
1771,0.10000000149011612,0.6514000097289682,1385
1772,0.4000000059604645,0.6294000094011426,1385
1773,0.10000000149011612,0.6274000093713403,1385
1774,0.10000000149011612,0.607400009073317,1385
1775,0.800000011920929,0.6014000089839101,1385
1776,0.7000000104308128,0.5954000088945031,1385
1777,0.10000000149011612,0.5954000088945031,1385
1778,0.0,0.5784000086411833,1385
1779,0.20000000298023224,0.5734000085666776,1385
1780,0.4000000059604645,0.5754000085964799,1385
1781,0.5000000074505806,0.5794000086560845,1385
1782,0.0,0.5744000085815787,1385
1783,0.0,0.5734000085666776,1385
1784,0.10000000149011612,0.5725000085495412,1385
1785,0.20000000298023224,0.5715000085346401,1385
1786,0.10000000149011612,0.5615000083856284,1385
1787,0.10000000149011612,0.5555000082962215,1385
1788,0.30000000447034836,0.5565000083111227,1385
1789,0.20000000298023224,0.5535000082664192,1385
1790,0.10000000149011612,0.5505000082217157,1385
1791,0.10000000149011612,0.5505000082217157,1385
1792,0.6000000089406967,0.5545000082813203,1385
1793,0.7000000104308128,0.558500008340925,1385
1794,0.9000000134110451,0.5665000084601343,1385
1795,0.20000000298023224,0.5665000084601343,1385
1796,0.6000000089406967,0.5715000085346401,1385
1797,1.8000000268220901,0.5855000087432564,1385
1798,0.5000000074505806,0.5885000087879598,1385
1799,2.600000038743019,0.6045000090263783,1385
1800,0.20000000298023224,0.6035000090114773,1385
1801,0.10000000149011612,0.5985000089369714,1385
1802,1.4000000208616257,0.608500009085983,1385
1803,0.30000000447034836,0.6105000091157854,1385
1804,0.10000000149011612,0.608500009085983,1385
1805,0.5000000074505806,0.608500009085983,1385
1806,0.20000000298023224,0.5995000089518726,1385
1807,0.4000000059604645,0.577500008624047,1385
1808,0.20000000298023224,0.5535000082664192,1385
1809,1.8000000268220901,0.5535000082664192,1385
1810,0.20000000298023224,0.5465000081621111,1385
1811,0.20000000298023224,0.5225000078044831,1385
1812,0.20000000298023224,0.5235000078193843,1385
1813,0.09000000171363354,0.520400007776916,1385
1814,1.3000000193715096,0.5325000079534948,1385
1815,0.10000000149011612,0.5075000075809658,1385
1816,0.20000000298023224,0.5085000075958669,1385
1817,0.6000000089406967,0.5145000076852739,1385
1818,0.0,0.5125000076554715,1385
1819,0.20000000298023224,0.5145000076852739,1385
1820,1.3000000193715096,0.5235000078193843,1385
1821,0.10000000149011612,0.4985000074468553,1385
1822,0.09000000171363354,0.49840000744909047,1385
1823,0.10000000149011612,0.4794000071659684,1385
1824,0.10000000149011612,0.47850000714883206,1385
1825,0.10000000149011612,0.47850000714883206,1385
1826,0.20000000298023224,0.4676000069826841,1385
1827,0.10000000149011612,0.46560000695288184,1385
1828,1.700000025331974,0.46370000692084434,1385
1829,0.30000000447034836,0.4607000068761408,1385
1830,1.2000000178813934,0.4717000070400536,1385
1831,0.6000000089406967,0.455700006801635,1385
1832,0.10000000149011612,0.4477000066824257,1385
1833,0.30000000447034836,0.44570000665262344,1385
1834,0.5000000074505806,0.44970000671222804,1385
1835,0.10000000149011612,0.44970000671222804,1385
1836,0.800000011920929,0.43970000656321645,1385
1837,0.20000000298023224,0.4357000065036118,1385
1838,0.09000000171363354,0.43160000644624236,1385
1839,1.8000000268220901,0.44760000668466093,1385
1840,0.10000000149011612,0.42960000641644003,1385
1841,0.30000000447034836,0.41060000613331793,1385
1842,0.10000000149011612,0.40560000605881213,1385
1843,0.4000000059604645,0.3966000059247017,1385
1844,0.4000000059604645,0.392600005865097,1385
1845,1.1000000163912773,0.40060000598430634,1385
1846,0.10000000149011612,0.40060000598430634,1385
1847,0.10000000149011612,0.3856000057607889,1385
1848,0.20000000298023224,0.3816000057011843,1385
1849,1.3000000193715096,0.3936000058799982,1385
1850,0.10000000149011612,0.3916000058501959,1385
1851,1.9000000283122063,0.4086000061035156,1385
1852,0.7000000104308128,0.4146000061929226,1385
1853,0.7000000104308128,0.41860000625252725,1385
1854,0.20000000298023224,0.41760000623762605,1385
1855,0.10000000149011612,0.4166000062227249,1385
1856,0.7000000104308128,0.4226000063121319,1385
1857,0.10000000149011612,0.41860000625252725,1385
1858,2.400000035762787,0.44160000659525395,1385
1859,0.20000000298023224,0.44160000659525395,1385
1860,0.10000000149011612,0.4406000065803528,1385
1861,0.20000000298023224,0.4386000065505505,1385
1862,0.800000011920929,0.4456000066548586,1385
1863,0.20000000298023224,0.4426000066101551,1385
1864,0.800000011920929,0.4496000067144632,1385
1865,0.10000000149011612,0.4496000067144632,1385
1866,0.10000000149011612,0.44760000668466093,1385
1867,0.10000000149011612,0.44760000668466093,1385
1868,0.20000000298023224,0.44860000669956207,1385
1869,0.7000000104308128,0.45170000674203037,1385
1870,0.0,0.45070000672712923,1385
1871,0.10000000149011612,0.45070000672712923,1385
1872,0.30000000447034836,0.44970000671222804,1385
1873,0.0,0.4487000066973269,1385
1874,0.10000000149011612,0.4487000066973269,1385
1875,0.0,0.4407000065781176,1385
1876,0.30000000447034836,0.436700006518513,1385
1877,1.0000000149011612,0.44570000665262344,1385
1878,0.10000000149011612,0.4467000066675246,1385
1879,1.3000000193715096,0.45770000683143736,1385
1880,0.6000000089406967,0.4597000068612397,1385
1881,0.10000000149011612,0.455700006801635,1385
1882,0.4000000059604645,0.4597000068612397,1385
1883,0.6000000089406967,0.4657000069506466,1385
1884,0.0,0.4647000069357455,1385
1885,0.10000000149011612,0.46370000692084434,1385
1886,0.5000000074505806,0.46770000698044895,1385
1887,0.20000000298023224,0.46870000699535014,1385
1888,1.0000000149011612,0.47570000709965826,1385
1889,0.10000000149011612,0.47470000708475707,1385
1890,0.10000000149011612,0.47470000708475707,1385
1891,0.4000000059604645,0.4777000071294606,1385
1892,0.6000000089406967,0.4777000071294606,1385
1893,0.20000000298023224,0.47270000705495474,1385
1894,0.5000000074505806,0.46870000699535014,1385
1895,2.1000000312924385,0.4877000072784722,1385
1896,0.7000000104308128,0.4887000072933734,1385
1897,0.20000000298023224,0.47270000705495474,1385
1898,0.10000000149011612,0.46870000699535014,1385
1899,0.4000000059604645,0.4467000066675246,1385
1900,0.20000000298023224,0.4467000066675246,1385
1901,0.30000000447034836,0.4487000066973269,1385
1902,0.7000000104308128,0.4417000065930188,1385
1903,0.3900000061839819,0.4426000066101551,1385
1904,0.0,0.44160000659525395,1385
1905,0.10000000149011612,0.4376000065356493,1385
1906,0.30000000447034836,0.4386000065505505,1385
1907,2.600000038743019,0.460600006878376,1385
1908,0.10000000149011612,0.45960000686347485,1385
1909,2.600000038743019,0.4676000069826841,1385
1910,1.2000000178813934,0.47760000713169576,1385
1911,0.6000000089406967,0.4816000071913004,1385
1912,2.400000035762787,0.5036000075191259,1385
1913,0.6000000089406967,0.5087000075913966,1385
1914,0.10000000149011612,0.49670000741258263,1385
1915,0.5000000074505806,0.5007000074721872,1385
1916,0.5000000074505806,0.5037000075168908,1385
1917,0.30000000447034836,0.5007000074721872,1385
1918,2.2000000327825546,0.5227000078000128,1385
1919,1.700000025331974,0.5377000080235302,1385
1920,0.30000000447034836,0.5277000078745187,1385
1921,1.2000000178813934,0.5387000080384314,1385
1922,0.10000000149011612,0.5388000080361962,1385
1923,2.600000038743019,0.5638000084087252,1385
1924,0.0,0.562800008393824,1385
1925,0.30000000447034836,0.5648000084236264,1385
1926,2.1000000312924385,0.5838000087067485,1385
1927,0.10000000149011612,0.5838000087067485,1385
1928,0.10000000149011612,0.5678000084683299,1385
1929,1.3000000193715096,0.5778000086173415,1385
1930,0.7000000104308128,0.5728000085428357,1385
1931,0.10000000149011612,0.5678000084683299,1385
1932,0.6000000089406967,0.5728000085428357,1385
1933,0.10000000149011612,0.5708000085130334,1385
1934,1.5000000223517418,0.580800008662045,1385
1935,1.1000000163912773,0.5908000088110567,1385
1936,0.4000000059604645,0.586800008751452,1385
1937,0.5000000074505806,0.5898000087961555,1385
1938,0.30000000447034836,0.5919000088237226,1385
1939,0.0,0.5739000085555017,1385
1940,0.20000000298023224,0.5749000085704029,1385
1941,0.2900000046938658,0.574800008572638,1385
1942,0.9000000134110451,0.5828000086918473,1385
1943,0.20000000298023224,0.580800008662045,1385
1944,0.10000000149011612,0.5778000086173415,1385
1945,1.2000000178813934,0.5788000086322427,1385
1946,0.10000000149011612,0.5788000086322427,1385
1947,0.10000000149011612,0.5788000086322427,1385
1948,0.0,0.5768000086024404,1385
1949,0.20000000298023224,0.5658000084385276,1385
1950,0.10000000149011612,0.5658000084385276,1385
1951,0.20000000298023224,0.5488000081852078,1385
1952,0.10000000149011612,0.5428000080958009,1385
1953,0.10000000149011612,0.5368000080063939,1385
1954,0.30000000447034836,0.537800008021295,1385
1955,0.30000000447034836,0.5398000080510974,1385
1956,0.0,0.5328000079467893,1385
1957,0.20000000298023224,0.5338000079616905,1385
1958,0.9000000134110451,0.518800007738173,1385
1959,0.10000000149011612,0.5178000077232718,1385
1960,0.30000000447034836,0.5198000077530742,1385
1961,0.10000000149011612,0.518800007738173,1385
1962,0.20000000298023224,0.512800007648766,1385
1963,0.10000000149011612,0.5118000076338649,1385
1964,0.10000000149011612,0.5048000075295568,1385
1965,0.4000000059604645,0.5078000075742602,1385
1966,0.30000000447034836,0.5098000076040625,1385
1967,0.10000000149011612,0.5098000076040625,1385
1968,0.10000000149011612,0.5088000075891614,1385
1969,0.7000000104308128,0.5088000075891614,1385
1970,0.5000000074505806,0.5138000076636672,1385
1971,0.20000000298023224,0.5148000076785684,1385
1972,0.10000000149011612,0.512800007648766,1385
1973,0.20000000298023224,0.5148000076785684,1385
1974,0.10000000149011612,0.5148000076785684,1385
1975,1.1000000163912773,0.5258000078424812,1385
1976,0.4000000059604645,0.5268000078573823,1385
1977,0.20000000298023224,0.518800007738173,1385
1978,0.10000000149011612,0.518800007738173,1385
1979,0.10000000149011612,0.5068000075593591,1385
1980,0.30000000447034836,0.5038000075146556,1385
1981,0.7000000104308128,0.5098000076040625,1385
1982,0.490000007674098,0.5107000076211989,1385
1983,0.10000000149011612,0.5057000075466931,1385
1984,0.20000000298023224,0.5077000075764954,1385
1985,0.19000000320374966,0.5086000075936318,1385
